"","Cell","Batch","Group","ExpLibSize","xcoord","ycoord"
"Cell1001","Cell1001","Batch2","Group1",54050.7800819694,8.30724799238076,0.242887390556232
"Cell1002","Cell1002","Batch2","Group1",62779.7328986374,11.7746170250924,-1.14116623554708
"Cell1003","Cell1003","Batch2","Group1",53727.6027258049,9.78001248819576,0.15097256316908
"Cell1004","Cell1004","Batch2","Group2",76408.2175869161,-21.1941965329013,13.3155927460062
"Cell1005","Cell1005","Batch2","Group2",61996.1258026767,-18.937211692348,15.1101943868706
"Cell1006","Cell1006","Batch2","Group1",52941.6867481901,8.76092553880833,-0.434612552794095
"Cell1007","Cell1007","Batch2","Group2",41715.223252885,-20.6781356863918,14.105624492667
"Cell1008","Cell1008","Batch2","Group1",52641.6957102403,10.811308271034,-1.66710824921384
"Cell1009","Cell1009","Batch2","Group1",90147.6148243821,7.50195172482097,-1.20058123538074
"Cell1010","Cell1010","Batch2","Group1",53521.9706946854,9.47527066991196,1.07775916489236
"Cell1011","Cell1011","Batch2","Group1",50655.3503991532,8.4909794051903,-1.24399786062584
"Cell1012","Cell1012","Batch2","Group1",68226.579766734,9.42830362447343,-1.57813646325467
"Cell1013","Cell1013","Batch2","Group1",65398.7631357197,10.0767273112489,-2.98133107378428
"Cell1014","Cell1014","Batch2","Group1",69586.4964738246,9.35033454238449,-0.650492598434862
"Cell1015","Cell1015","Batch2","Group1",56636.2763030288,11.7138805792507,-1.65029309588633
"Cell1016","Cell1016","Batch2","Group2",74946.5778402322,-19.9774841679411,13.6092777485314
"Cell1017","Cell1017","Batch2","Group1",47357.393301682,10.0662302343828,-0.293674496708467
"Cell1018","Cell1018","Batch2","Group1",59291.7022227766,10.7567459912161,-2.95045544226021
"Cell1019","Cell1019","Batch2","Group1",52008.993397242,11.0321561956188,-0.0834725382553115
"Cell1020","Cell1020","Batch2","Group1",68607.1288632045,9.23248168461407,-2.19104739079296
"Cell1021","Cell1021","Batch2","Group1",61451.3664964334,9.02728320475885,-0.361924627120523
"Cell1022","Cell1022","Batch2","Group2",74752.7751528204,-20.5349762683381,13.4632405467072
"Cell1023","Cell1023","Batch2","Group1",90372.9407690046,10.2362931669449,-1.07618133008112
"Cell1024","Cell1024","Batch2","Group1",61582.3822601578,10.5363696302089,2.14458750848379
"Cell1025","Cell1025","Batch2","Group2",53802.5783412631,-19.7202652420754,15.2478080927234
"Cell1026","Cell1026","Batch2","Group1",50781.9702736633,11.1565949768854,-1.53098606849876
"Cell1027","Cell1027","Batch2","Group1",56805.7711075388,10.7074738836097,-0.730856413392728
"Cell1028","Cell1028","Batch2","Group1",59046.4459525559,9.00745320373982,-1.03396999009479
"Cell1029","Cell1029","Batch2","Group1",89175.3899378931,9.63571467870841,0.885067397304185
"Cell1030","Cell1030","Batch2","Group1",47771.1935516298,9.36422263402721,-1.75992044229637
"Cell1031","Cell1031","Batch2","Group1",48115.3490709973,8.59411378336113,-0.305959689473141
"Cell1032","Cell1032","Batch2","Group1",55182.8039968747,11.2360655917102,-0.477089665152708
"Cell1033","Cell1033","Batch2","Group1",67340.1481471257,10.1883562156628,-0.193673538483516
"Cell1034","Cell1034","Batch2","Group1",70560.2597506641,9.46891451869548,-2.5193997446648
"Cell1035","Cell1035","Batch2","Group1",49931.7853618019,8.33067207119951,-0.24452214695157
"Cell1036","Cell1036","Batch2","Group1",61414.8978851631,9.62423215126923,-0.346331428217582
"Cell1037","Cell1037","Batch2","Group1",59362.7025192605,9.37256609847299,-0.696280498320848
"Cell1038","Cell1038","Batch2","Group1",76042.0148952859,10.4719326560996,-0.743094307888912
"Cell1039","Cell1039","Batch2","Group1",74446.6802880805,9.49367127822649,-0.255879774446956
"Cell1040","Cell1040","Batch2","Group1",56249.0179424345,11.5147273181641,-2.61274519550796
"Cell1041","Cell1041","Batch2","Group2",60427.450148114,-19.3857509972939,13.7145828026845
"Cell1042","Cell1042","Batch2","Group2",68223.5111491502,-20.7611133758221,13.4066132600357
"Cell1043","Cell1043","Batch2","Group1",43014.8839295628,8.66587741167988,-0.812978916066122
"Cell1044","Cell1044","Batch2","Group1",56271.6315428548,8.65418980748785,-1.85320436264237
"Cell1045","Cell1045","Batch2","Group1",67169.5015023537,9.91326617598755,-1.51470006058454
"Cell1046","Cell1046","Batch2","Group1",53925.2209779102,8.43396551711882,0.245744961953102
"Cell1047","Cell1047","Batch2","Group1",59160.9136093512,9.54117754123974,-0.0301652177710623
"Cell1048","Cell1048","Batch2","Group1",59623.1078141107,10.6668728131819,-0.238781024627061
"Cell1049","Cell1049","Batch2","Group2",51806.4199142569,-20.7532238903076,13.612143584883
"Cell1050","Cell1050","Batch2","Group3",49074.9515934087,-14.9500823886642,-7.85895368648326
"Cell1051","Cell1051","Batch2","Group2",57527.9705582151,-19.5516656268945,14.7057423140216
"Cell1052","Cell1052","Batch2","Group2",55859.4746916457,-19.5684350385076,15.0438415077207
"Cell1053","Cell1053","Batch2","Group2",70743.7175110506,-20.3213658724223,13.4640509849245
"Cell1054","Cell1054","Batch2","Group1",81306.1096776576,11.1386581982173,-0.72344715273398
"Cell1055","Cell1055","Batch2","Group1",59731.5433475898,8.47471969768646,-1.66849080627939
"Cell1056","Cell1056","Batch2","Group1",64843.6585477531,11.2310597543919,0.207755721162297
"Cell1057","Cell1057","Batch2","Group1",59036.8401424051,9.04885543896183,-2.40759026519002
"Cell1058","Cell1058","Batch2","Group1",67526.2688144636,9.90669854717056,-0.782010063913237
"Cell1059","Cell1059","Batch2","Group1",62548.5974295972,10.5324151396016,-1.5924296213165
"Cell1060","Cell1060","Batch2","Group2",62775.4341751376,-20.5839684283562,14.3886805497982
"Cell1061","Cell1061","Batch2","Group2",74800.7376483724,-19.8416109045289,14.343580698842
"Cell1062","Cell1062","Batch2","Group1",49144.281462114,9.34810906729812,-0.131530348214447
"Cell1063","Cell1063","Batch2","Group1",79983.2728665014,10.8256576386542,-1.21808366281523
"Cell1064","Cell1064","Batch2","Group1",64204.1084665126,8.42753018710585,0.33948859204824
"Cell1065","Cell1065","Batch2","Group1",62079.0841582295,10.1878443642481,-0.36922138015411
"Cell1066","Cell1066","Batch2","Group2",53527.5433712393,-20.9226124175318,14.0107202734297
"Cell1067","Cell1067","Batch2","Group1",57943.5466368116,11.4126104453993,-0.803955888034917
"Cell1068","Cell1068","Batch2","Group1",64520.414777634,8.88383265691435,-1.05181143903386
"Cell1069","Cell1069","Batch2","Group3",39626.6499139753,-14.306022339757,-7.99925785468467
"Cell1070","Cell1070","Batch2","Group1",53087.4381855273,10.1246514261581,-1.94252633234217
"Cell1071","Cell1071","Batch2","Group2",67319.0355911182,-18.925354753038,12.5445322347293
"Cell1072","Cell1072","Batch2","Group2",56449.6089807755,-20.6736942694483,14.7964486092518
"Cell1073","Cell1073","Batch2","Group2",51015.9950467568,-19.0667372993924,15.3621391887321
"Cell1074","Cell1074","Batch2","Group2",52725.8482690859,-20.6539533484707,13.1978021978333
"Cell1075","Cell1075","Batch2","Group1",62764.8075772723,11.6865972682817,-1.23780184183224
"Cell1076","Cell1076","Batch2","Group1",43175.7175751374,8.64544920662723,-2.35157830562061
"Cell1077","Cell1077","Batch2","Group1",71271.0753028267,11.7004910893854,-1.748865909594
"Cell1078","Cell1078","Batch2","Group1",38801.4565599952,8.30144429893988,-2.67280448841161
"Cell1079","Cell1079","Batch2","Group1",54140.1912427735,9.3086144216647,-3.23937513775893
"Cell1080","Cell1080","Batch2","Group1",51152.3392875166,10.1480868300125,-0.00291807050405513
"Cell1081","Cell1081","Batch2","Group1",46643.084734762,12.6441975216682,-1.00901701036654
"Cell1082","Cell1082","Batch2","Group1",48262.904991879,7.4653560810618,-2.13713413880531
"Cell1083","Cell1083","Batch2","Group1",62944.92840141,9.65044581841752,-0.948931565182509
"Cell1084","Cell1084","Batch2","Group1",58456.91076828,9.40680761735171,-0.398807790818427
"Cell1085","Cell1085","Batch2","Group2",56377.7284302363,-20.6341464300101,15.1490331377818
"Cell1086","Cell1086","Batch2","Group1",37640.9278820142,10.9421399758574,-2.55491361304698
"Cell1087","Cell1087","Batch2","Group1",45942.0389294142,10.2296424066165,-1.90325092274112
"Cell1088","Cell1088","Batch2","Group1",58322.2284978854,10.7319343987931,-0.438820014110836
"Cell1089","Cell1089","Batch2","Group2",50231.2674521657,-20.6614343687258,13.1578198870229
"Cell1090","Cell1090","Batch2","Group1",51054.3593632327,11.9143810785026,-0.0614995922400897
"Cell1091","Cell1091","Batch2","Group2",73858.6302193958,-21.9510707796125,14.2992120314425
"Cell1092","Cell1092","Batch2","Group1",62014.1379636335,10.1890562648414,0.343994760745367
"Cell1093","Cell1093","Batch2","Group1",48592.8206474169,9.7370161979152,0.350424958471595
"Cell1094","Cell1094","Batch2","Group1",54516.6150231148,11.096379978798,-0.00807198370918261
"Cell1095","Cell1095","Batch2","Group2",56557.8509372608,-20.6961560203901,11.3876111659317
"Cell1096","Cell1096","Batch2","Group2",52257.618287966,-21.1902075135024,14.4312858716363
"Cell1097","Cell1097","Batch2","Group3",49374.4951776529,-14.7877280230597,-8.86683705839201
"Cell1098","Cell1098","Batch2","Group1",59256.9992960871,8.85583342641128,-0.732259049348688
"Cell1099","Cell1099","Batch2","Group1",69441.4301016476,9.78936175286585,-1.35955246483213
"Cell1100","Cell1100","Batch2","Group1",62653.2228232771,8.69986536008125,-1.47936813297511
"Cell1101","Cell1101","Batch2","Group2",57524.7516394137,-21.110157962217,12.8441309092044
"Cell1102","Cell1102","Batch2","Group2",64703.0777528722,-19.7998665957048,13.1935363058791
"Cell1103","Cell1103","Batch2","Group1",70177.5454464108,10.5056359909164,0.0530342464329376
"Cell1104","Cell1104","Batch2","Group2",58214.9345593451,-17.3724698250045,14.5553088967921
"Cell1105","Cell1105","Batch2","Group2",65588.853201762,-19.2147922711439,12.9347415466355
"Cell1106","Cell1106","Batch2","Group1",47614.1573150281,10.1934920335496,-3.47225976177635
"Cell1107","Cell1107","Batch2","Group1",56958.0244495897,9.50391841982179,0.415361335777438
"Cell1108","Cell1108","Batch2","Group3",55046.8734001996,-13.9623024381655,-9.01975762742257
"Cell1109","Cell1109","Batch2","Group3",62263.6396215428,-13.3380717581398,-8.19693756063518
"Cell1110","Cell1110","Batch2","Group1",64309.5809342338,10.7685117099488,-1.90993140628884
"Cell1111","Cell1111","Batch2","Group1",58411.9869764718,11.5222970139459,-1.86515500245523
"Cell1112","Cell1112","Batch2","Group2",51367.3047885567,-20.3519588356361,13.4201903388011
"Cell1113","Cell1113","Batch2","Group1",49714.7603359416,10.153407659709,-1.38902092859017
"Cell1114","Cell1114","Batch2","Group1",63304.0205631294,8.25390886678009,-2.65373518269284
"Cell1115","Cell1115","Batch2","Group1",78540.3174846966,9.47621308795101,-1.72246725047014
"Cell1116","Cell1116","Batch2","Group1",51152.8189354684,10.7156050760007,-1.70535235187748
"Cell1117","Cell1117","Batch2","Group1",55439.0925475872,7.66832074082932,-1.11323945929398
"Cell1118","Cell1118","Batch2","Group3",63967.8640521692,-13.2745102623201,-7.92537870968382
"Cell1119","Cell1119","Batch2","Group1",53587.757171381,10.7568160314621,-0.857663065721203
"Cell1120","Cell1120","Batch2","Group1",61347.7922265418,12.3755163123825,0.236838491718661
"Cell1121","Cell1121","Batch2","Group1",59306.8905632828,8.58826691251388,-0.15048541813616
"Cell1122","Cell1122","Batch2","Group1",51264.289717194,10.882896593744,-0.580380214021374
"Cell1123","Cell1123","Batch2","Group2",70706.1793328778,-22.0669813173688,13.1040067639672
"Cell1124","Cell1124","Batch2","Group1",70916.7240862897,10.4211634946967,-0.111840313191342
"Cell1125","Cell1125","Batch2","Group1",73484.3620494034,8.62149614003069,-3.17646035225052
"Cell1126","Cell1126","Batch2","Group1",77157.1335759729,10.4367053160033,-1.75871362848793
"Cell1127","Cell1127","Batch2","Group3",54107.475923618,-13.3023437053224,-8.38036354404003
"Cell1128","Cell1128","Batch2","Group1",54562.582286662,11.5511133218331,-0.371637002090366
"Cell1129","Cell1129","Batch2","Group1",63085.3342085928,10.8547523310272,-1.33711421950111
"Cell1130","Cell1130","Batch2","Group1",67915.2711887857,8.69468312503449,0.498179783588891
"Cell1131","Cell1131","Batch2","Group1",55942.2265681385,11.0354046163706,-2.4099810463226
"Cell1132","Cell1132","Batch2","Group2",55013.3431940825,-21.5221313319201,15.3653656340603
"Cell1133","Cell1133","Batch2","Group2",52909.8972801438,-18.3974443279127,14.8371782251096
"Cell1134","Cell1134","Batch2","Group1",80534.4545077349,10.8425548813269,-1.40856735981978
"Cell1135","Cell1135","Batch2","Group2",36256.2380491201,-19.2029234414218,14.0451360724995
"Cell1136","Cell1136","Batch2","Group2",57900.6791525789,-19.1903044652219,13.2461057372605
"Cell1137","Cell1137","Batch2","Group1",60333.4874146582,10.3169526939416,0.441424079921064
"Cell1138","Cell1138","Batch2","Group1",48439.8489514429,8.83788040920181,-1.34491658052479
"Cell1139","Cell1139","Batch2","Group1",64672.1008082557,10.1850176113584,-0.484896517361501
"Cell1140","Cell1140","Batch2","Group1",40399.8949314016,9.69125403965274,-2.5235541749654
"Cell1141","Cell1141","Batch2","Group2",72474.7694162643,-20.2131235218264,14.4651658609658
"Cell1142","Cell1142","Batch2","Group1",42930.0739172499,10.0995664579263,-1.0154997569426
"Cell1143","Cell1143","Batch2","Group1",38540.0417007742,10.5149196616505,-1.7911175119993
"Cell1144","Cell1144","Batch2","Group3",51394.5407566109,-14.3178071224766,-7.52230775515522
"Cell1145","Cell1145","Batch2","Group1",61846.8272358698,10.4632393031077,-2.11119208517635
"Cell1146","Cell1146","Batch2","Group1",52558.7340492347,9.89811140754528,-0.925257371339079
"Cell1147","Cell1147","Batch2","Group1",53537.7665649924,10.2086653836772,-2.35409091684608
"Cell1148","Cell1148","Batch2","Group1",64000.1684910856,9.47611968721493,-0.585244919150361
"Cell1149","Cell1149","Batch2","Group1",48446.7151230368,9.18916650955371,-1.64733127916195
"Cell1150","Cell1150","Batch2","Group1",58854.8834672933,7.97008493400726,-1.02281506262054
"Cell1151","Cell1151","Batch2","Group3",66143.8105707596,-13.2712504432142,-8.24230968566086
"Cell1152","Cell1152","Batch2","Group1",83016.7713929552,9.63771086786238,-0.827762576576341
"Cell1153","Cell1153","Batch2","Group2",65899.7796147839,-20.7151184955976,14.752475136276
"Cell1154","Cell1154","Batch2","Group3",84368.7708455139,-13.707299282791,-8.2929763861204
"Cell1155","Cell1155","Batch2","Group1",65554.1637052818,8.86719635266029,-0.416242741564194
"Cell1156","Cell1156","Batch2","Group1",59835.3423545496,9.00378797936135,1.22987348941173
"Cell1157","Cell1157","Batch2","Group1",38127.5740901842,9.92185301261407,-1.52688868009885
"Cell1158","Cell1158","Batch2","Group2",46866.9628613404,-20.6814364737811,14.025114976849
"Cell1159","Cell1159","Batch2","Group1",56173.8977561331,9.69314549024225,-1.44919515255431
"Cell1160","Cell1160","Batch2","Group1",69040.8813297697,11.5607248788748,-2.97023969697826
"Cell1161","Cell1161","Batch2","Group1",56134.0177848301,9.50997031001273,0.510322521846134
"Cell1162","Cell1162","Batch2","Group1",66751.3448917788,8.7158013804462,0.698437514249644
"Cell1163","Cell1163","Batch2","Group1",48399.1596345881,9.38227030822897,-0.654787910394516
"Cell1164","Cell1164","Batch2","Group1",56679.8505194655,7.96252153668071,-0.194762797540779
"Cell1165","Cell1165","Batch2","Group1",62529.9678554667,9.80396916318967,-2.80388413219012
"Cell1166","Cell1166","Batch2","Group1",55721.5840570392,9.61285584818775,-1.30874554142571
"Cell1167","Cell1167","Batch2","Group1",61240.6423635085,9.09670201103652,-0.853239276308292
"Cell1168","Cell1168","Batch2","Group1",52357.4959306015,9.89779010802444,-0.878325821973204
"Cell1169","Cell1169","Batch2","Group1",64528.9374398299,10.6381924241076,-0.613522490147683
"Cell1170","Cell1170","Batch2","Group3",58911.3482875396,-12.4169675130638,-7.40201536050374
"Cell1171","Cell1171","Batch2","Group1",59313.3763674693,12.0744243557756,-0.383883363735902
"Cell1172","Cell1172","Batch2","Group1",40548.034312076,10.4815830847404,1.74573376706277
"Cell1173","Cell1173","Batch2","Group1",52326.9222690108,11.4164156046615,-2.93444774526229
"Cell1174","Cell1174","Batch2","Group3",44447.819428868,-14.1336894522518,-7.46411658166757
"Cell1175","Cell1175","Batch2","Group1",43427.8573446479,11.4321005032514,-1.70553194603195
"Cell1176","Cell1176","Batch2","Group1",54242.6826257695,10.1299231919549,-2.2726686563314
"Cell1177","Cell1177","Batch2","Group2",57979.2418570408,-19.4099652309998,13.4216799449003
"Cell1178","Cell1178","Batch2","Group1",63368.365255219,11.0765192520601,-1.16798214718047
"Cell1179","Cell1179","Batch2","Group1",74477.5137582649,9.55852817661332,-0.124205012011005
"Cell1180","Cell1180","Batch2","Group1",65439.4168083789,8.05007570302391,-1.46130889089856
"Cell1181","Cell1181","Batch2","Group1",73307.196967595,9.11153632587854,-0.686735786394627
"Cell1182","Cell1182","Batch2","Group1",53892.033391351,9.03279749874479,-1.7830012272565
"Cell1183","Cell1183","Batch2","Group1",56298.9951234681,11.4464185748173,-0.581435613949439
"Cell1184","Cell1184","Batch2","Group2",74386.7993423895,-20.1609160945215,13.9799236650577
"Cell1185","Cell1185","Batch2","Group2",59888.5992808589,-18.9298401498666,16.1336679815971
"Cell1186","Cell1186","Batch2","Group1",42785.3510100578,10.5452077388876,-0.228858845984229
"Cell1187","Cell1187","Batch2","Group1",50548.517477841,9.71631777098874,-0.316998895300546
"Cell1188","Cell1188","Batch2","Group2",73241.5683179553,-21.4929596043857,14.3556050125672
"Cell1189","Cell1189","Batch2","Group1",52989.6848682254,8.90896004527178,-2.02366262191521
"Cell1190","Cell1190","Batch2","Group1",64003.2297911651,10.7980566961605,-1.57413677508525
"Cell1191","Cell1191","Batch2","Group1",60044.6985172945,10.2047943571505,-0.0595523823028278
"Cell1192","Cell1192","Batch2","Group1",54215.8444932357,7.86242457659986,1.04283900340622
"Cell1193","Cell1193","Batch2","Group1",55817.5001253735,9.90119579466308,-0.810721348615907
"Cell1194","Cell1194","Batch2","Group2",64753.5697665365,-19.347189568845,13.1838812458065
"Cell1195","Cell1195","Batch2","Group1",62437.1522482905,10.2925065117011,-1.09206142017741
"Cell1196","Cell1196","Batch2","Group1",76644.5690554729,9.3206931103861,-0.555955551056386
"Cell1197","Cell1197","Batch2","Group2",57528.5165077262,-18.6320380867195,12.3374621522376
"Cell1198","Cell1198","Batch2","Group1",49779.4930267876,10.5343926527539,0.123954073194502
"Cell1199","Cell1199","Batch2","Group3",61894.1297840794,-13.7764740301115,-7.18036266347696
"Cell1200","Cell1200","Batch2","Group1",68945.1755599097,10.462069230208,-0.242103619218543
"Cell1201","Cell1201","Batch2","Group2",94503.6173084375,-19.2064244556719,12.92390830118
"Cell1202","Cell1202","Batch2","Group2",54571.3008114519,-19.4711317836696,15.9348685503477
"Cell1203","Cell1203","Batch2","Group1",56090.9234237757,9.84919298401119,-1.76952103758201
"Cell1204","Cell1204","Batch2","Group2",71431.8153401281,-20.8422745717576,13.3897245428155
"Cell1205","Cell1205","Batch2","Group1",77362.4829224834,9.10699650771471,-1.78220249976849
"Cell1206","Cell1206","Batch2","Group3",52483.9993939882,-14.1580876679664,-7.91607115189159
"Cell1207","Cell1207","Batch2","Group1",68385.363102968,8.74710399595729,-3.34371021924858
"Cell1208","Cell1208","Batch2","Group1",53474.9445593372,9.13927366665171,-1.84040491225498
"Cell1209","Cell1209","Batch2","Group2",49393.0174466404,-19.0711425706721,14.8766163210588
"Cell1210","Cell1210","Batch2","Group1",67824.0533631054,9.48238602457326,-0.895588751231879
"Cell1211","Cell1211","Batch2","Group1",61163.1127805446,9.11669956907495,-1.94368669065558
"Cell1212","Cell1212","Batch2","Group3",64722.6292319581,-14.3054797379647,-6.89084097143589
"Cell1213","Cell1213","Batch2","Group1",53311.0710533758,9.82388074913072,-0.77822893374984
"Cell1214","Cell1214","Batch2","Group1",85733.214036157,11.2693667938573,-2.28793519916048
"Cell1215","Cell1215","Batch2","Group1",68395.177846792,10.1470204812949,-3.50260269942369
"Cell1216","Cell1216","Batch2","Group2",55554.484165969,-21.3595247485725,14.0241358099447
"Cell1217","Cell1217","Batch2","Group1",68909.5315411336,8.52997116587109,-1.0968877862678
"Cell1218","Cell1218","Batch2","Group2",46962.1446520291,-19.703474946306,12.7538063491642
"Cell1219","Cell1219","Batch2","Group1",58247.1227064288,10.3623903989391,-0.87168303646847
"Cell1220","Cell1220","Batch2","Group3",79274.4831548104,-12.7212373497441,-7.09781616669571
"Cell1221","Cell1221","Batch2","Group1",57654.9933969989,12.3860767515498,-2.85235720429252
"Cell1222","Cell1222","Batch2","Group1",71832.9148724342,9.71523116934639,1.00673913278456
"Cell1223","Cell1223","Batch2","Group1",57274.7762064116,9.18078225778963,-1.01018643541897
"Cell1224","Cell1224","Batch2","Group2",37812.4888515743,-20.5710823234775,14.4829776457926
"Cell1225","Cell1225","Batch2","Group3",50209.3975769056,-12.9863448715579,-8.83009276596958
"Cell1226","Cell1226","Batch2","Group1",62601.6639751119,8.50107409356184,-0.933176928391782
"Cell1227","Cell1227","Batch2","Group1",79962.2991687087,10.111709728503,-2.42482968926073
"Cell1228","Cell1228","Batch2","Group1",53173.7203553744,8.59089563085606,-0.541078134145397
"Cell1229","Cell1229","Batch2","Group2",63271.8500504258,-18.5187991481158,14.4560646153661
"Cell1230","Cell1230","Batch2","Group1",49366.9347538829,11.3376140046804,-2.37597164001729
"Cell1231","Cell1231","Batch2","Group1",48859.7267229491,9.76509988765158,-2.4513756368354
"Cell1232","Cell1232","Batch2","Group1",51253.3710445569,10.5941532311696,0.49405839252941
"Cell1233","Cell1233","Batch2","Group1",78732.5868967992,7.46372939751157,-0.613194298377591
"Cell1234","Cell1234","Batch2","Group1",72262.602366512,9.27008921394294,-2.76507839403274
"Cell1235","Cell1235","Batch2","Group1",67422.4300409737,9.544864045016,-1.72964550380426
"Cell1236","Cell1236","Batch2","Group1",74838.8572243222,7.71316884569385,-1.27240905052941
"Cell1237","Cell1237","Batch2","Group1",55001.4595234931,10.27749776957,-1.20714170398557
"Cell1238","Cell1238","Batch2","Group2",69697.1974632561,-20.5642929916461,14.3843759436815
"Cell1239","Cell1239","Batch2","Group3",62437.7822295889,-15.3036461107444,-7.96784920322902
"Cell1240","Cell1240","Batch2","Group1",48541.763769681,9.60602920107664,-0.889715858598717
"Cell1241","Cell1241","Batch2","Group1",50705.3930412068,8.58314377432136,-1.54335839639853
"Cell1242","Cell1242","Batch2","Group1",60476.5270677961,9.97635369087913,-0.292141285096918
"Cell1243","Cell1243","Batch2","Group1",62387.8617563054,10.2284177446528,0.163479890972242
"Cell1244","Cell1244","Batch2","Group1",56146.9879758723,10.2882292867427,0.281306389283583
"Cell1245","Cell1245","Batch2","Group2",49055.2136175855,-19.3457487037275,14.0861427642793
"Cell1246","Cell1246","Batch2","Group1",39411.842133966,10.6976842031351,-1.57919885322728
"Cell1247","Cell1247","Batch2","Group1",65189.0700041142,10.2949318520886,-1.93886211707674
"Cell1248","Cell1248","Batch2","Group1",56440.6915187334,9.40033414793581,-0.807259347171794
"Cell1249","Cell1249","Batch2","Group1",66824.9756509215,8.53221599127347,-0.01464709972992
"Cell1250","Cell1250","Batch2","Group2",43950.6036238456,-18.6837920593694,15.6666893922411
"Cell1251","Cell1251","Batch2","Group2",46598.9278779212,-20.2952402493436,15.2329430445003
"Cell1252","Cell1252","Batch2","Group1",58555.6946180405,9.70242952642315,-1.8667389866197
"Cell1253","Cell1253","Batch2","Group1",45136.0839364227,8.68026549530803,-0.585313557006209
"Cell1254","Cell1254","Batch2","Group1",40271.8998227498,9.12189918450032,-2.35154454946726
"Cell1255","Cell1255","Batch2","Group1",70032.8069228797,12.2284804599735,-1.64259698605376
"Cell1256","Cell1256","Batch2","Group2",71694.8264123312,-20.7814433589335,10.5791560685221
"Cell1257","Cell1257","Batch2","Group1",48727.9112704264,9.55795623262251,-2.4293926699462
"Cell1258","Cell1258","Batch2","Group1",56703.3486064441,9.8944139325563,-0.791580149066638
"Cell1259","Cell1259","Batch2","Group3",47724.7504166468,-13.6835626348442,-9.06900829364927
"Cell1260","Cell1260","Batch2","Group1",63785.7687017908,8.30884922644812,-1.08231434020341
"Cell1261","Cell1261","Batch2","Group1",59519.8018161472,9.08159793056101,0.179776493993711
"Cell1262","Cell1262","Batch2","Group1",50317.4849904416,8.96791879223305,-1.86425325035482
"Cell1263","Cell1263","Batch2","Group1",51285.1487512941,8.44817592832488,-0.464051641296702
"Cell1264","Cell1264","Batch2","Group1",48415.9101751508,10.3690454798033,-3.16966613841618
"Cell1265","Cell1265","Batch2","Group2",65334.4572654064,-20.444712652397,14.8439592131944
"Cell1266","Cell1266","Batch2","Group1",67117.6124781309,11.5136550628828,0.130575359780013
"Cell1267","Cell1267","Batch2","Group1",64556.4283774434,8.05224989216435,-0.0955945354540906
"Cell1268","Cell1268","Batch2","Group3",50585.5914370461,-14.3039595263069,-8.15177055225511
"Cell1269","Cell1269","Batch2","Group1",41888.4777623119,9.69607737487761,-2.68600844823003
"Cell1270","Cell1270","Batch2","Group3",66581.040087719,-14.9319337886368,-6.28942746171782
"Cell1271","Cell1271","Batch2","Group1",57790.9929106158,9.46992068164802,-2.15545871160922
"Cell1272","Cell1272","Batch2","Group2",59404.2784185788,-18.9328336135382,14.1351956728388
"Cell1273","Cell1273","Batch2","Group1",73601.8615337085,8.28678542056982,-1.9713950433493
"Cell1274","Cell1274","Batch2","Group1",50075.9851144168,10.4844241789406,0.00757371809507079
"Cell1275","Cell1275","Batch2","Group2",75267.4511833065,-19.2666474531437,14.1482743839809
"Cell1276","Cell1276","Batch2","Group1",55125.1702377436,10.3340379842292,1.35484619473819
"Cell1277","Cell1277","Batch2","Group2",51914.9683791668,-19.9613615562522,15.9297662678839
"Cell1278","Cell1278","Batch2","Group1",57460.3699690773,11.2382879183417,-1.73757057513346
"Cell1279","Cell1279","Batch2","Group1",64731.5466919225,9.03370904307701,-0.722304085261394
"Cell1280","Cell1280","Batch2","Group1",57443.484831211,12.228057292465,-0.711828995580893
"Cell1281","Cell1281","Batch2","Group1",50006.0139356525,11.8418533569481,-0.87676193815431
"Cell1282","Cell1282","Batch2","Group2",56594.9560356245,-20.9551648710126,14.2040004684211
"Cell1283","Cell1283","Batch2","Group1",36012.226319711,10.0047685823148,1.43370228965688
"Cell1284","Cell1284","Batch2","Group2",54084.2158576177,-19.9457324944482,12.852545142766
"Cell1285","Cell1285","Batch2","Group1",65590.9654407466,9.86897529635139,-0.05855112804781
"Cell1286","Cell1286","Batch2","Group1",57881.2076410699,11.102211490364,-1.12301961494643
"Cell1287","Cell1287","Batch2","Group2",68711.066141979,-20.3954695327658,12.811754912324
"Cell1288","Cell1288","Batch2","Group1",65985.9082464871,8.88517873007923,0.377519452957215
"Cell1289","Cell1289","Batch2","Group1",68127.0313342264,10.2293206517305,-0.783222301201166
"Cell1290","Cell1290","Batch2","Group1",68268.8584390727,10.6829242392116,0.120416094652186
"Cell1291","Cell1291","Batch2","Group2",42289.066131178,-19.4728288638413,13.9610472068978
"Cell1292","Cell1292","Batch2","Group1",59923.9738950988,9.87336942209442,-2.14185742199746
"Cell1293","Cell1293","Batch2","Group1",82951.6732264407,10.2526123019833,-2.41309204257903
"Cell1294","Cell1294","Batch2","Group2",54388.2248576184,-18.9490152373402,14.982767852744
"Cell1295","Cell1295","Batch2","Group1",65549.4755557061,7.82897489117318,-3.4719800413843
"Cell1296","Cell1296","Batch2","Group1",61616.1164630563,9.57073717856042,-2.16600893549861
"Cell1297","Cell1297","Batch2","Group2",66929.99122835,-19.68579977811,14.8235524746493
"Cell1298","Cell1298","Batch2","Group2",56703.6565222956,-21.0445209125694,15.3297444994683
"Cell1299","Cell1299","Batch2","Group2",52593.0962807687,-20.9321965615473,15.0035039911741
"Cell1300","Cell1300","Batch2","Group1",60742.091330808,10.2887365027543,-2.05201306703492
"Cell1301","Cell1301","Batch2","Group1",62415.1283288379,10.8424358447952,0.0283683192914956
"Cell1302","Cell1302","Batch2","Group1",57695.4470476581,8.06732116404188,-1.70121221337079
"Cell1303","Cell1303","Batch2","Group1",60251.8244971807,9.3126521516072,-1.61481614033445
"Cell1304","Cell1304","Batch2","Group2",65008.3099920793,-20.0098459648121,14.9516099571573
"Cell1305","Cell1305","Batch2","Group2",51264.9838414446,-20.4359848198563,13.8779382273976
"Cell1306","Cell1306","Batch2","Group1",75202.1824485953,10.8184924313166,-0.46977724351058
"Cell1307","Cell1307","Batch2","Group1",92981.1491380639,9.26539492710349,-0.4302080410327
"Cell1308","Cell1308","Batch2","Group1",80454.0156273279,11.7262204977252,0.399587792003187
"Cell1309","Cell1309","Batch2","Group1",54672.5169537266,11.0678880342084,-0.276848050541257
"Cell1310","Cell1310","Batch2","Group1",41581.9952550856,9.51310364276351,-1.66968213897764
"Cell1311","Cell1311","Batch2","Group1",60526.6832003922,8.67150030377686,-2.11522968868397
"Cell1312","Cell1312","Batch2","Group1",71400.10679971,10.1356410896498,-2.28638646864956
"Cell1313","Cell1313","Batch2","Group2",69955.9711514144,-21.5345285630792,13.6647434263905
"Cell1314","Cell1314","Batch2","Group1",46819.2932112118,10.1260552672685,0.0533154339953059
"Cell1315","Cell1315","Batch2","Group2",47923.9327191376,-18.4997675712097,13.089510291209
"Cell1316","Cell1316","Batch2","Group1",61497.3231588841,9.5035007841808,-1.56376574856407
"Cell1317","Cell1317","Batch2","Group2",67860.9657046942,-21.530435321608,14.3261830624653
"Cell1318","Cell1318","Batch2","Group1",71295.3461419774,9.75113613478506,-1.37133057761826
"Cell1319","Cell1319","Batch2","Group1",70493.683975554,7.57079072765493,-1.1875793555817
"Cell1320","Cell1320","Batch2","Group1",49335.7821788525,12.6337768096636,0.824210261353901
"Cell1321","Cell1321","Batch2","Group2",46049.8133632533,-22.1245498412103,13.6993202148903
"Cell1322","Cell1322","Batch2","Group1",40034.467293887,10.4231964826686,-0.240089792388702
"Cell1323","Cell1323","Batch2","Group3",66236.472846131,-14.1315245817126,-10.0558057731401
"Cell1324","Cell1324","Batch2","Group1",70659.1091413472,8.77722927615375,-0.0112044734027872
"Cell1325","Cell1325","Batch2","Group3",64034.0426778123,-15.762098865396,-8.00262537761418
"Cell1326","Cell1326","Batch2","Group1",48444.5493656708,11.0655218405573,-1.41758543387115
"Cell1327","Cell1327","Batch2","Group1",81923.6790865913,9.94901996172086,-1.89694091602392
"Cell1328","Cell1328","Batch2","Group1",55601.7900646242,10.9528971059469,-0.839061085129793
"Cell1329","Cell1329","Batch2","Group1",85460.3386872931,7.41481382158112,-0.65036077775312
"Cell1330","Cell1330","Batch2","Group1",66854.9349479338,10.6828234006877,1.45324190596797
"Cell1331","Cell1331","Batch2","Group1",75967.5936518833,10.0084320237417,-1.06015136015838
"Cell1332","Cell1332","Batch2","Group1",63966.8618888304,12.435251059922,0.12199051445552
"Cell1333","Cell1333","Batch2","Group1",59104.9262485638,8.58713200971789,0.0838650872555584
"Cell1334","Cell1334","Batch2","Group1",48897.9321048961,10.5850153023523,-1.51393639980062
"Cell1335","Cell1335","Batch2","Group1",53546.0420561717,11.6219308339439,1.23590122881113
"Cell1336","Cell1336","Batch2","Group1",59312.6825281195,8.26449774456752,-1.10112558428237
"Cell1337","Cell1337","Batch2","Group2",63349.0261816381,-19.0650764106071,13.4653661622764
"Cell1338","Cell1338","Batch2","Group2",59477.6658697618,-20.1356986239031,14.6575527491672
"Cell1339","Cell1339","Batch2","Group2",57780.4407568289,-20.5089248533213,13.1937308225673
"Cell1340","Cell1340","Batch2","Group1",62112.1625733837,10.5036668549777,-0.907141920884062
"Cell1341","Cell1341","Batch2","Group1",53912.9286343506,9.43390252795236,-1.53142858137411
"Cell1342","Cell1342","Batch2","Group1",53788.3676846398,9.26599158965164,-0.571194652983865
"Cell1343","Cell1343","Batch2","Group1",44750.5520378742,10.2631424028847,-0.947644806670881
"Cell1344","Cell1344","Batch2","Group1",70916.2082831034,7.85469168739534,0.172474929624122
"Cell1345","Cell1345","Batch2","Group1",60438.7946700106,10.3887497810479,0.14310498515229
"Cell1346","Cell1346","Batch2","Group3",58881.0833967723,-15.3656043215214,-7.45085309924173
"Cell1347","Cell1347","Batch2","Group1",51627.8367055376,9.6400456083494,-1.01154123510825
"Cell1348","Cell1348","Batch2","Group1",56979.408503241,10.9137615263357,-0.0866691707434033
"Cell1349","Cell1349","Batch2","Group1",48177.30935178,9.52624523350936,-2.12139635249826
"Cell1350","Cell1350","Batch2","Group1",48539.8568192907,8.71301995154272,-0.232463654920103
"Cell1351","Cell1351","Batch2","Group1",40790.7102966116,8.27919852236517,1.01530147219242
"Cell1352","Cell1352","Batch2","Group1",72863.2557465845,8.9340157534362,-1.36650204282782
"Cell1353","Cell1353","Batch2","Group1",61401.7009444009,12.1418500460287,-0.854756635261426
"Cell1354","Cell1354","Batch2","Group1",47889.1730211876,9.34675855440985,-1.04641487651969
"Cell1355","Cell1355","Batch2","Group1",75565.667147058,8.90435636861061,-1.63755457412857
"Cell1356","Cell1356","Batch2","Group1",67840.7507357073,9.60665929552232,-0.554075529193157
"Cell1357","Cell1357","Batch2","Group1",69457.9251648558,10.694909009188,-0.47875913424956
"Cell1358","Cell1358","Batch2","Group2",57230.7080086298,-19.2936842417962,13.6058039749998
"Cell1359","Cell1359","Batch2","Group1",55018.5455217459,9.38304697729082,-2.33472675551228
"Cell1360","Cell1360","Batch2","Group1",58711.4131984391,9.938386790415,-1.35492820274992
"Cell1361","Cell1361","Batch2","Group1",64921.7599803208,9.92794665695629,-1.55676686665443
"Cell1362","Cell1362","Batch2","Group1",70261.7562063691,11.0596090209308,-0.633697768113006
"Cell1363","Cell1363","Batch2","Group2",82280.862811075,-21.8618240286033,13.690042696888
"Cell1364","Cell1364","Batch2","Group1",54078.17258416,12.6034029938816,-0.873365668763964
"Cell1365","Cell1365","Batch2","Group1",48868.4391222832,10.3309731721745,0.00165615456472712
"Cell1366","Cell1366","Batch2","Group1",61094.1706026043,12.0157839084767,-0.845714366778236
"Cell1367","Cell1367","Batch2","Group1",109581.17053605,8.3376894376424,-0.231564253823517
"Cell1368","Cell1368","Batch2","Group1",54955.3782829596,10.6634621559717,-2.09871024500157
"Cell1369","Cell1369","Batch2","Group1",75292.5328518687,9.19328667391681,-1.00340509503803
"Cell1370","Cell1370","Batch2","Group1",57032.716627866,10.4619973393341,-2.31902436185082
"Cell1371","Cell1371","Batch2","Group1",54409.3532303923,9.9946092634339,-0.681667645773491
"Cell1372","Cell1372","Batch2","Group1",51943.7445073203,10.0032529709909,-0.384713338451489
"Cell1373","Cell1373","Batch2","Group1",57397.2157168727,10.6726223621367,-1.42046107831096
"Cell1374","Cell1374","Batch2","Group1",83146.2923870789,10.2909135008266,-1.96432216406913
"Cell1375","Cell1375","Batch2","Group1",63600.0378283038,8.4731883051876,1.0324966918673
"Cell1376","Cell1376","Batch2","Group2",66003.6831426421,-20.3676652560067,14.7636067541353
"Cell1377","Cell1377","Batch2","Group1",70809.4084444462,10.4273257146324,-1.86227744104398
"Cell1378","Cell1378","Batch2","Group3",90612.5771083768,-12.1064030830625,-8.65350803899192
"Cell1379","Cell1379","Batch2","Group1",69921.1717352253,11.2916737412524,0.374104293240412
"Cell1380","Cell1380","Batch2","Group1",45007.1988053195,8.74511799948362,-0.820114033307719
"Cell1381","Cell1381","Batch2","Group1",48693.3491949986,8.83687482355138,-1.01893893739414
"Cell1382","Cell1382","Batch2","Group1",43569.340275468,8.53269868860914,-1.7201715278065
"Cell1383","Cell1383","Batch2","Group2",33870.1930666435,-20.4422651169456,13.9080856541308
"Cell1384","Cell1384","Batch2","Group1",77508.8021916479,9.38388344111431,-0.358915321886565
"Cell1385","Cell1385","Batch2","Group2",54244.4100284569,-20.9847899222789,13.5959384868456
"Cell1386","Cell1386","Batch2","Group1",64795.6749517574,9.978571008368,0.420301573957448
"Cell1387","Cell1387","Batch2","Group1",75835.6342974587,9.86628203649011,-0.470471821369464
"Cell1388","Cell1388","Batch2","Group2",54048.3049113754,-19.8450742717158,13.9549787727786
"Cell1389","Cell1389","Batch2","Group1",58279.5459981448,8.92698807044107,-0.252307465054254
"Cell1390","Cell1390","Batch2","Group1",64218.7970590129,10.771165407087,-1.02284247815213
"Cell1391","Cell1391","Batch2","Group3",62641.0344266365,-13.5764348415789,-8.0224959627713
"Cell1392","Cell1392","Batch2","Group1",51284.1465908971,9.56363956631698,-1.65303948899604
"Cell1393","Cell1393","Batch2","Group1",69297.4315694538,8.8077257071246,-3.02136379563975
"Cell1394","Cell1394","Batch2","Group1",66777.8759056152,9.20530082327907,-1.40869864983783
"Cell1395","Cell1395","Batch2","Group1",56517.756427585,8.56025335863326,-0.890348760007327
"Cell1396","Cell1396","Batch2","Group2",46888.3169485689,-19.3248039881494,12.7140665380271
"Cell1397","Cell1397","Batch2","Group1",67959.4660626582,11.4678330816668,0.108434703725709
"Cell1398","Cell1398","Batch2","Group1",79658.4924047431,7.9633419346884,-0.769554241343516
"Cell1399","Cell1399","Batch2","Group1",78913.176756659,7.44364275364957,0.370690319982962
"Cell1400","Cell1400","Batch2","Group1",71291.1099402871,9.52183674691515,-2.60693025620942
"Cell1401","Cell1401","Batch2","Group1",54359.4084579413,9.1802219133697,-0.524122018706412
"Cell1402","Cell1402","Batch2","Group1",53837.7738580357,9.95164453049676,0.366585315758661
"Cell1403","Cell1403","Batch2","Group1",53234.5578816534,8.98151801626015,-0.298135443483443
"Cell1404","Cell1404","Batch2","Group1",55141.6399775742,10.9880362245451,-1.15236258926439
"Cell1405","Cell1405","Batch2","Group1",68998.298527297,8.37037421306478,-0.529118562708977
"Cell1406","Cell1406","Batch2","Group2",63024.5335317062,-20.0173177881854,12.4462506686374
"Cell1407","Cell1407","Batch2","Group1",41304.5475368694,8.86439571635694,1.44484128069543
"Cell1408","Cell1408","Batch2","Group3",41269.6430693017,-14.3849623861622,-8.94592124135493
"Cell1409","Cell1409","Batch2","Group1",59601.3307755583,11.1361107414933,-1.32566098087395
"Cell1410","Cell1410","Batch2","Group3",61696.8249727152,-14.0201386504538,-8.96392567704333
"Cell1411","Cell1411","Batch2","Group2",37741.1062763948,-21.0037007528201,12.85226683417
"Cell1412","Cell1412","Batch2","Group3",50853.8216920051,-14.7634502806245,-7.87001070196503
"Cell1413","Cell1413","Batch2","Group1",60205.0930777856,11.0946782061022,-0.648258192542868
"Cell1414","Cell1414","Batch2","Group1",80206.2870587067,10.1538132380038,-2.78034060545767
"Cell1415","Cell1415","Batch2","Group1",40031.6733830029,11.1990423138807,-0.524408793696741
"Cell1416","Cell1416","Batch2","Group2",46579.2827184852,-21.9327265256404,13.1232331782884
"Cell1417","Cell1417","Batch2","Group1",48239.7491119035,10.3212266395644,-2.00228619574771
"Cell1418","Cell1418","Batch2","Group1",62011.7533194532,9.98139072642224,-2.48784247873412
"Cell1419","Cell1419","Batch2","Group2",63969.8939275074,-20.7602804563454,14.5428034296179
"Cell1420","Cell1420","Batch2","Group1",56154.5030496981,9.85293335138899,-0.925059368590534
"Cell1421","Cell1421","Batch2","Group2",43370.4781820663,-19.495014498434,16.096546677641
"Cell1422","Cell1422","Batch2","Group1",52780.1006288511,8.81828160159909,-2.21408315150048
"Cell1423","Cell1423","Batch2","Group1",53524.9298400615,9.18299167761609,0.819183478398172
"Cell1424","Cell1424","Batch2","Group3",57496.7522807638,-14.107066072029,-7.66890680131867
"Cell1425","Cell1425","Batch2","Group1",82832.6044343213,8.71929825908193,-1.1139386726331
"Cell1426","Cell1426","Batch2","Group1",52294.4692463067,10.9670115825594,-1.13342761327435
"Cell1427","Cell1427","Batch2","Group1",60794.3952932119,9.74349940239432,-0.835823545752771
"Cell1428","Cell1428","Batch2","Group3",51995.9095346669,-13.8858227978524,-7.14591508278674
"Cell1429","Cell1429","Batch2","Group3",46721.2527056292,-12.657899126686,-8.76246112945496
"Cell1430","Cell1430","Batch2","Group1",67995.0086714478,10.0484727555091,-0.091726434854151
"Cell1431","Cell1431","Batch2","Group2",48526.934052506,-19.6032589725443,13.8102454649565
"Cell1432","Cell1432","Batch2","Group1",103470.501140097,10.1816378772697,-1.37342415022739
"Cell1433","Cell1433","Batch2","Group2",60992.8905233423,-19.9296257558193,14.199821245633
"Cell1434","Cell1434","Batch2","Group2",60600.0329154037,-19.2080974178446,14.6044494530562
"Cell1435","Cell1435","Batch2","Group1",59082.5535608739,9.86852081684859,-1.27726858421145
"Cell1436","Cell1436","Batch2","Group1",86571.7741662891,10.3028751758888,-1.79614020312145
"Cell1437","Cell1437","Batch2","Group1",68376.5645990223,11.1688827390573,-2.99639275410432
"Cell1438","Cell1438","Batch2","Group2",56942.7622502208,-19.8238708546994,15.0410896888756
"Cell1439","Cell1439","Batch2","Group1",47418.2302739752,8.97328849233121,-2.03355622516605
"Cell1440","Cell1440","Batch2","Group1",48642.5746425076,10.5560790514849,-0.611841675409059
"Cell1441","Cell1441","Batch2","Group1",51174.7814014929,9.62762620967612,-0.382273275954391
"Cell1442","Cell1442","Batch2","Group1",76342.8521077712,10.573241285298,0.21828057138771
"Cell1443","Cell1443","Batch2","Group1",57653.3529724197,10.1006472501944,-1.3821930076633
"Cell1444","Cell1444","Batch2","Group1",51460.0097582732,10.0532578223863,-0.219933043953646
"Cell1445","Cell1445","Batch2","Group2",70151.4598398778,-19.3119874429639,13.6872135349129
"Cell1446","Cell1446","Batch2","Group2",78357.4244859397,-20.3382504155026,12.5785146811607
"Cell1447","Cell1447","Batch2","Group1",52109.0388546339,8.27373793439384,-2.7154607473205
"Cell1448","Cell1448","Batch2","Group1",54776.3325127262,9.13191959228951,-0.77548840749571
"Cell1449","Cell1449","Batch2","Group1",64154.9697198504,11.4840299150109,-0.515823560026851
"Cell1450","Cell1450","Batch2","Group1",59816.1585133909,10.0401413248976,-0.94863526208184
"Cell1451","Cell1451","Batch2","Group1",64943.5230022475,11.4552601245564,-1.94527014202358
"Cell1452","Cell1452","Batch2","Group2",84359.2467159377,-18.9974375083183,14.5143967553834
"Cell1453","Cell1453","Batch2","Group2",59155.3722333014,-19.4636749762149,13.7845827565355
"Cell1454","Cell1454","Batch2","Group1",56605.3932352221,10.0233358175776,-0.850216446579562
"Cell1455","Cell1455","Batch2","Group1",65978.4130282946,8.90920737798499,-0.744602408203733
"Cell1456","Cell1456","Batch2","Group2",59286.1556039585,-19.8879379467344,13.4366425725428
"Cell1457","Cell1457","Batch2","Group1",67883.8212735702,11.1154717350678,-0.58601326038507
"Cell1458","Cell1458","Batch2","Group2",57251.3080800879,-20.1738041808969,14.3597129127524
"Cell1459","Cell1459","Batch2","Group2",65427.9321186033,-19.5613838378974,11.5446185430784
"Cell1460","Cell1460","Batch2","Group1",43793.9893933894,10.5435461571225,-1.14145441073889
"Cell1461","Cell1461","Batch2","Group3",60040.8673388981,-14.1509413570831,-6.63546501528664
"Cell1462","Cell1462","Batch2","Group2",54000.9437660771,-20.3913236938232,13.7999272934618
"Cell1463","Cell1463","Batch2","Group2",47187.838755801,-18.4043772244582,13.7907507675998
"Cell1464","Cell1464","Batch2","Group1",55126.5184767136,9.51507772305303,0.34092568637491
"Cell1465","Cell1465","Batch2","Group1",64498.6123813228,9.53784574602198,-0.477369439055952
"Cell1466","Cell1466","Batch2","Group2",60990.2072147059,-19.0127980858614,14.3135725701882
"Cell1467","Cell1467","Batch2","Group3",68781.9580925377,-13.2573139459899,-6.46743162870693
"Cell1468","Cell1468","Batch2","Group1",72271.1176174822,9.66512537687853,-1.5730386795662
"Cell1469","Cell1469","Batch2","Group1",70664.0902747736,11.026926807347,-1.17072064252976
"Cell1470","Cell1470","Batch2","Group1",56111.84245596,10.744779180812,-0.327277509571251
"Cell1471","Cell1471","Batch2","Group2",45906.8104284037,-20.9539920177255,13.8841457384158
"Cell1472","Cell1472","Batch2","Group1",56609.5515932199,8.37380981172191,-0.524266820175913
"Cell1473","Cell1473","Batch2","Group2",75654.4156745463,-20.1366277660087,15.0790208353824
"Cell1474","Cell1474","Batch2","Group1",58437.0115222394,9.98586438464434,-1.99180912011739
"Cell1475","Cell1475","Batch2","Group1",43154.4866802496,8.74685018021829,-2.40936388894377
"Cell1476","Cell1476","Batch2","Group2",66057.2219466783,-20.2116577531853,14.6375518183157
"Cell1477","Cell1477","Batch2","Group1",63345.7985385974,11.1692515646729,-0.332034707216467
"Cell1478","Cell1478","Batch2","Group3",55264.1297608621,-13.4154684408518,-7.25848975007152
"Cell1479","Cell1479","Batch2","Group2",61986.5249302732,-19.5936341958079,13.1191315184791
"Cell1480","Cell1480","Batch2","Group2",78737.7141646285,-18.9625387108979,12.6284331556878
"Cell1481","Cell1481","Batch2","Group2",77640.0917292625,-20.3019330266033,14.1966312821063
"Cell1482","Cell1482","Batch2","Group1",54651.9744137174,9.14245191589017,-2.06200574602037
"Cell1483","Cell1483","Batch2","Group2",60001.9879029729,-20.6144452060294,13.8464094340777
"Cell1484","Cell1484","Batch2","Group2",44765.0137851554,-21.8053389927773,14.8200737625175
"Cell1485","Cell1485","Batch2","Group3",51763.9549065715,-15.1131656691561,-8.73548159814526
"Cell1486","Cell1486","Batch2","Group1",89469.0540343421,11.131333247972,-0.458632909951391
"Cell1487","Cell1487","Batch2","Group2",80789.4718474777,-17.5163314941398,14.2593385505113
"Cell1488","Cell1488","Batch2","Group1",57190.8417305594,11.4303201524768,-0.934397589344839
"Cell1489","Cell1489","Batch2","Group1",52130.5782905398,9.57930105100506,-0.812052149702543
"Cell1490","Cell1490","Batch2","Group2",45554.9851681309,-18.8725320170623,12.9472444016357
"Cell1491","Cell1491","Batch2","Group1",91602.1819462783,9.66329025492055,0.213048030268151
"Cell1492","Cell1492","Batch2","Group1",61262.6688243603,9.24613401442381,-1.97723076304047
"Cell1493","Cell1493","Batch2","Group3",53167.9057615155,-12.6576249177499,-8.06940026685617
"Cell1494","Cell1494","Batch2","Group2",74281.2220737944,-20.1495342925683,14.322563728592
"Cell1495","Cell1495","Batch2","Group1",48054.1045596821,11.5546888163066,-1.19278070942352
"Cell1496","Cell1496","Batch2","Group2",69238.5342207196,-19.6086142416467,14.4161300376355
"Cell1497","Cell1497","Batch2","Group3",79871.4750956145,-14.7317568930848,-7.61788849246267
"Cell1498","Cell1498","Batch2","Group1",57409.551337665,9.46726682293899,-1.18561780455966
"Cell1499","Cell1499","Batch2","Group1",80037.9510085506,10.7432463383538,-1.95630216068309
"Cell1500","Cell1500","Batch2","Group1",68071.2538500466,7.61714422627565,-1.48474752929604
"Cell1501","Cell1501","Batch2","Group3",52273.1678940991,-13.5537171714486,-6.97607058261562
"Cell1502","Cell1502","Batch2","Group3",67161.9769560963,-14.1736830581719,-6.93505694827906
"Cell1503","Cell1503","Batch2","Group1",52005.1013034974,9.09387098601458,-0.162188777668145
"Cell1504","Cell1504","Batch2","Group1",53809.3858199613,9.92306131399,-1.56193231824967
"Cell1505","Cell1505","Batch2","Group1",69903.9140273821,8.13282755749711,0.356147103991708
"Cell1506","Cell1506","Batch2","Group1",54441.1576335506,9.38550100555936,-0.473035782525849
"Cell1507","Cell1507","Batch2","Group1",59582.3414181864,9.87877584947155,-1.33690864169644
"Cell1508","Cell1508","Batch2","Group1",73408.985051518,9.42984536288054,-1.93167263612482
"Cell1509","Cell1509","Batch2","Group1",47046.1315135748,8.77578394455709,-0.542206081786638
"Cell1510","Cell1510","Batch2","Group1",82376.7712207227,8.93581429047152,-2.06978038387497
"Cell1511","Cell1511","Batch2","Group1",90074.3835632456,9.31712100095178,0.296062956199174
"Cell1512","Cell1512","Batch2","Group3",67703.7094596534,-14.0724961751474,-7.51049841938887
"Cell1513","Cell1513","Batch2","Group2",65146.0033182704,-19.4789917678287,13.988540631157
"Cell1514","Cell1514","Batch2","Group1",54215.1498805604,9.88510392266766,-0.0168879032222661
"Cell1515","Cell1515","Batch2","Group1",66051.6494617989,11.3309347943902,-1.06725716428522
"Cell1516","Cell1516","Batch2","Group1",54154.8907050016,9.48709897084136,-1.87706237171892
"Cell1517","Cell1517","Batch2","Group1",63426.3052481021,9.99715054109365,0.730522900041613
"Cell1518","Cell1518","Batch2","Group1",52191.4933711155,10.5800857209357,-1.15254415376654
"Cell1519","Cell1519","Batch2","Group1",70100.1881615101,9.57754369205702,-1.16625220685884
"Cell1520","Cell1520","Batch2","Group1",68752.8705555708,10.2813208355582,-1.61353971767512
"Cell1521","Cell1521","Batch2","Group2",76772.3479533339,-19.1035591634299,12.831317223677
"Cell1522","Cell1522","Batch2","Group1",89004.4762582315,6.99252179622249,-2.09007485226754
"Cell1523","Cell1523","Batch2","Group2",52612.6378447909,-19.0150858017135,12.3297070971652
"Cell1524","Cell1524","Batch2","Group1",72637.5916730942,11.7237581566572,-0.745476247431677
"Cell1525","Cell1525","Batch2","Group2",45005.7937552238,-19.8636844637937,13.5453751242398
"Cell1526","Cell1526","Batch2","Group1",54639.0030490608,10.8116233951807,-0.825042266137235
"Cell1527","Cell1527","Batch2","Group1",72337.1666000954,9.6300524524679,0.0865082064302332
"Cell1528","Cell1528","Batch2","Group1",51653.9614682057,8.47220021324685,-0.849935356953285
"Cell1529","Cell1529","Batch2","Group1",64159.5443010598,11.1476067753554,-0.884745861482324
"Cell1530","Cell1530","Batch2","Group1",50006.6392812947,9.27723764479374,-1.41264233651127
"Cell1531","Cell1531","Batch2","Group2",55599.5206710364,-19.4284741106779,14.8729320393825
"Cell1532","Cell1532","Batch2","Group1",59387.5931918177,9.44706846191232,-2.32885020036539
"Cell1533","Cell1533","Batch2","Group2",52972.9267888411,-20.9152614125879,13.6427610010473
"Cell1534","Cell1534","Batch2","Group1",40571.8429680349,8.1182500017781,-1.6355309435118
"Cell1535","Cell1535","Batch2","Group1",62857.1057127551,10.9473313755339,-3.57273714615274
"Cell1536","Cell1536","Batch2","Group1",65839.8145770413,10.1758195200716,-2.00108214707324
"Cell1537","Cell1537","Batch2","Group1",61533.8626717689,10.7466583966446,-1.18813357808923
"Cell1538","Cell1538","Batch2","Group1",54298.4225503723,9.04751391839698,-1.1086030553729
"Cell1539","Cell1539","Batch2","Group3",71685.2818496098,-14.0294849451236,-9.0602973992481
"Cell1540","Cell1540","Batch2","Group1",74273.3237570567,10.202679322599,-0.805346373832893
"Cell1541","Cell1541","Batch2","Group1",37244.7334079348,11.0533294097391,-0.685587294299151
"Cell1542","Cell1542","Batch2","Group2",74975.3721684725,-19.5419315959822,12.118048968202
"Cell1543","Cell1543","Batch2","Group1",41943.9906178383,9.92130198466699,-0.888316734961051
"Cell1544","Cell1544","Batch2","Group1",55887.1594768612,11.0159215291721,-3.25676939169457
"Cell1545","Cell1545","Batch2","Group1",47962.0512022598,10.2171882085614,0.794057059548736
"Cell1546","Cell1546","Batch2","Group1",52784.8155163033,9.71185419757961,-1.81014096519959
"Cell1547","Cell1547","Batch2","Group1",77915.2326440292,10.4258888576559,-0.251067726822328
"Cell1548","Cell1548","Batch2","Group1",66629.4984179263,11.7763033384754,-0.877649928160887
"Cell1549","Cell1549","Batch2","Group1",66090.4552746855,8.17762421953167,-1.91318943647692
"Cell1550","Cell1550","Batch2","Group3",39513.6520909439,-14.8293515248829,-7.6542002605056
"Cell1551","Cell1551","Batch2","Group3",62271.869415917,-13.309699353795,-7.19339711513624
"Cell1552","Cell1552","Batch2","Group1",67897.916671742,10.1732453744184,-0.957665542212392
"Cell1553","Cell1553","Batch2","Group1",71124.6626727127,11.0845791340393,-1.54427599655255
"Cell1554","Cell1554","Batch2","Group1",49283.7913398906,10.1786044280549,-1.49988182556736
"Cell1555","Cell1555","Batch2","Group1",72222.6227584268,7.10794506618727,0.408914558277017
"Cell1556","Cell1556","Batch2","Group1",45295.3131814729,9.0701471173858,-1.93475500474462
"Cell1557","Cell1557","Batch2","Group1",84774.3757854437,10.1969896322225,-0.523946152381629
"Cell1558","Cell1558","Batch2","Group1",51035.3159644655,11.3801420116827,-0.760506601415172
"Cell1559","Cell1559","Batch2","Group1",69773.1732411039,9.01940634280733,0.84933011392684
"Cell1560","Cell1560","Batch2","Group3",63804.7085942346,-14.7537555007553,-6.4824024627218
"Cell1561","Cell1561","Batch2","Group2",48401.2005174873,-20.0711736961252,14.5083257611446
"Cell1562","Cell1562","Batch2","Group1",75271.1142439928,10.9097299727786,-2.80711596742616
"Cell1563","Cell1563","Batch2","Group2",60275.1606617864,-21.8379757201277,13.8660876808703
"Cell1564","Cell1564","Batch2","Group1",70522.1098812035,10.4142991247802,-2.11569853723992
"Cell1565","Cell1565","Batch2","Group1",62544.8023903603,9.68251931170771,-1.61256892221278
"Cell1566","Cell1566","Batch2","Group1",71232.1435929416,10.5251953876977,-1.15942451080416
"Cell1567","Cell1567","Batch2","Group1",60134.3259165807,11.7587039927657,-3.31429231016887
"Cell1568","Cell1568","Batch2","Group2",74835.3562884389,-20.5262018658037,14.8616483106048
"Cell1569","Cell1569","Batch2","Group1",55801.9351021324,12.1907295461964,-1.98161181051165
"Cell1570","Cell1570","Batch2","Group2",66533.2873893127,-19.7644768001019,13.5209617209534
"Cell1571","Cell1571","Batch2","Group1",64583.5042146854,10.648628802412,-0.712190991565273
"Cell1572","Cell1572","Batch2","Group1",70882.0109040984,9.95579698364971,-0.804377108655137
"Cell1573","Cell1573","Batch2","Group2",52880.5830836388,-19.8294133062151,13.2003078348252
"Cell1574","Cell1574","Batch2","Group1",62040.228449264,9.3898845080244,-2.71859563186142
"Cell1575","Cell1575","Batch2","Group1",53314.6794563274,10.3262201005072,-0.711867646985465
"Cell1576","Cell1576","Batch2","Group2",71806.305042744,-22.8285630847575,16.0227090378732
"Cell1577","Cell1577","Batch2","Group1",52715.3900973951,10.2565691133717,-1.4279809260383
"Cell1578","Cell1578","Batch2","Group1",84664.1675080412,11.2962030484364,0.494259372295336
"Cell1579","Cell1579","Batch2","Group1",70127.7824456957,8.79073048130101,-2.69366112551338
"Cell1580","Cell1580","Batch2","Group1",59710.2158334221,11.3667667163037,-0.123148704238477
"Cell1581","Cell1581","Batch2","Group1",76209.3391387815,8.87538373161807,-1.14514313982813
"Cell1582","Cell1582","Batch2","Group1",58869.7003495216,11.7561297359145,-2.21388025316555
"Cell1583","Cell1583","Batch2","Group1",67013.706784793,10.2628316545863,-0.80648360706634
"Cell1584","Cell1584","Batch2","Group1",66545.3454015453,9.59897796965064,-1.43058820948343
"Cell1585","Cell1585","Batch2","Group2",65160.4316060274,-20.6446449848185,13.0647614167872
"Cell1586","Cell1586","Batch2","Group1",53137.9772508145,7.40162694335026,-0.869290439668879
"Cell1587","Cell1587","Batch2","Group1",46622.1553805356,10.5231546562404,-3.07729191884238
"Cell1588","Cell1588","Batch2","Group1",42773.7492466955,9.77181145551488,0.862849093347125
"Cell1589","Cell1589","Batch2","Group1",54651.9802564968,11.2537787836103,1.20739400383088
"Cell1590","Cell1590","Batch2","Group1",68635.0515280705,10.6971548247768,-1.08611958370332
"Cell1591","Cell1591","Batch2","Group2",57079.0542897649,-18.2364380781567,14.0547621593496
"Cell1592","Cell1592","Batch2","Group2",47067.1137048476,-20.0815498678496,13.0578500482492
"Cell1593","Cell1593","Batch2","Group1",92161.2943465502,9.61168733615043,-0.610363077136593
"Cell1594","Cell1594","Batch2","Group1",68899.3404653459,10.071807550342,-0.963999789576484
"Cell1595","Cell1595","Batch2","Group1",88373.1633085807,8.67095499799878,-2.57398635388074
"Cell1596","Cell1596","Batch2","Group1",76313.6630030589,11.0915369935996,-1.30007055518621
"Cell1597","Cell1597","Batch2","Group1",52982.8829057187,12.6313863264504,-0.557529395997603
"Cell1598","Cell1598","Batch2","Group1",55139.1770291167,10.0230973489729,-2.34458966928228
"Cell1599","Cell1599","Batch2","Group2",44885.2182383698,-21.1412041994199,13.4660672355729
"Cell1600","Cell1600","Batch2","Group1",69431.4136699165,8.40979375575578,-1.06410973869456
"Cell1601","Cell1601","Batch2","Group1",82845.4290919895,10.2257231719209,-1.41182917365374
"Cell1602","Cell1602","Batch2","Group1",49806.6119552587,9.75344027306892,-1.24479800978056
"Cell1603","Cell1603","Batch2","Group1",47077.9713317614,8.57135397573808,2.47990492192751
"Cell1604","Cell1604","Batch2","Group2",71434.4563369747,-19.8857275675345,15.2870845336347
"Cell1605","Cell1605","Batch2","Group2",44209.9074269902,-20.5171163118784,16.3083826465124
"Cell1606","Cell1606","Batch2","Group1",87932.2852583513,9.37694788776103,-1.24448192665864
"Cell1607","Cell1607","Batch2","Group2",67132.7415531083,-18.2554896045363,14.6708537138836
"Cell1608","Cell1608","Batch2","Group1",42489.8706658814,9.60385718405688,-0.323271742828552
"Cell1609","Cell1609","Batch2","Group1",64278.7117963932,7.98264031803724,-0.12308438353392
"Cell1610","Cell1610","Batch2","Group1",61147.0179123825,11.8630940329352,-2.43678861203314
"Cell1611","Cell1611","Batch2","Group1",36545.6445296967,9.49298115240946,-0.310818053870342
"Cell1612","Cell1612","Batch2","Group2",59374.9912480228,-19.8760926569379,15.2438970261438
"Cell1613","Cell1613","Batch2","Group1",53239.0722434536,10.1235938462138,0.278539136753333
"Cell1614","Cell1614","Batch2","Group3",50138.3067875666,-12.6124061322358,-9.37242260917762
"Cell1615","Cell1615","Batch2","Group3",62802.0731560323,-12.9858135415487,-7.44864078282192
"Cell1616","Cell1616","Batch2","Group1",70981.7485611895,10.6582470969306,0.046878052682469
"Cell1617","Cell1617","Batch2","Group1",84575.6574035142,10.9507972711588,-0.76060259736979
"Cell1618","Cell1618","Batch2","Group1",35365.727158233,9.53394398676855,-2.06188389166316
"Cell1619","Cell1619","Batch2","Group1",69475.0007608408,10.8505093450103,-1.56940080598423
"Cell1620","Cell1620","Batch2","Group1",49490.1915161297,11.3132949336047,-1.51070704027715
"Cell1621","Cell1621","Batch2","Group1",75453.060984094,8.89100360376969,-0.936265956998155
"Cell1622","Cell1622","Batch2","Group1",64162.379885539,11.2336655017018,-0.206878058118189
"Cell1623","Cell1623","Batch2","Group1",79936.7866481983,13.1515972972965,0.712261430444292
"Cell1624","Cell1624","Batch2","Group2",44509.0464653075,-20.1792636364914,15.1652189181379
"Cell1625","Cell1625","Batch2","Group1",66100.1476468089,10.2869587955151,-0.852268344867969
"Cell1626","Cell1626","Batch2","Group2",63515.0311318445,-20.0623100373626,14.2300243591712
"Cell1627","Cell1627","Batch2","Group1",73833.8405246433,9.79151954051174,-0.181557214366475
"Cell1628","Cell1628","Batch2","Group1",57168.9557431739,10.9960663896262,-2.20315380371105
"Cell1629","Cell1629","Batch2","Group1",75267.4740682841,9.8955417898362,-0.715645290757608
"Cell1630","Cell1630","Batch2","Group2",54776.022135201,-19.6860664176341,16.0222974413409
"Cell1631","Cell1631","Batch2","Group2",54948.5471076669,-22.8873684947423,13.876369410117
"Cell1632","Cell1632","Batch2","Group1",60178.8271096763,9.32254001610681,-1.68411981227954
"Cell1633","Cell1633","Batch2","Group1",48346.5220505408,10.7537258086013,-1.32904700721262
"Cell1634","Cell1634","Batch2","Group1",54648.9713998653,9.42184445658614,-0.364899779823694
"Cell1635","Cell1635","Batch2","Group2",74757.1968610867,-17.9937821191548,12.7626855508406
"Cell1636","Cell1636","Batch2","Group2",83313.4884203713,-20.5107563737312,14.6114522447375
"Cell1637","Cell1637","Batch2","Group1",74820.7802287889,9.60999730643604,-0.984715472906709
"Cell1638","Cell1638","Batch2","Group1",54996.6176451294,9.03575166442485,-1.69290294180244
"Cell1639","Cell1639","Batch2","Group1",63811.9641176952,8.67959278031849,-0.0132940637441403
"Cell1640","Cell1640","Batch2","Group2",61065.2308373576,-21.8979441780856,14.974442693306
"Cell1641","Cell1641","Batch2","Group1",46545.9141463652,10.6406754473193,-1.12135930948317
"Cell1642","Cell1642","Batch2","Group2",63037.2841500829,-19.650201948922,13.7280912091373
"Cell1643","Cell1643","Batch2","Group2",50774.0834188389,-20.9240349849219,14.856027488048
"Cell1644","Cell1644","Batch2","Group3",48430.0203799923,-14.3468575032792,-8.0254707963982
"Cell1645","Cell1645","Batch2","Group1",69223.8747037463,10.9959342351334,-1.96297045895437
"Cell1646","Cell1646","Batch2","Group3",51969.5694083113,-13.2092792752009,-8.32717460278187
"Cell1647","Cell1647","Batch2","Group2",58173.793563512,-19.1023582182677,13.7012261775201
"Cell1648","Cell1648","Batch2","Group2",49279.1763614788,-21.1197918550402,14.7452513331011
"Cell1649","Cell1649","Batch2","Group1",60547.8284852071,9.91670591189828,-0.741800996263232
"Cell1650","Cell1650","Batch2","Group1",66069.9501572182,7.01908918715813,0.259140834303608
"Cell1651","Cell1651","Batch2","Group1",66204.8532342391,10.4224056828887,-1.63927805721601
"Cell1652","Cell1652","Batch2","Group2",48288.4849581696,-20.2297772955019,15.2195312113918
"Cell1653","Cell1653","Batch2","Group1",77003.6767738318,9.80453493955904,-0.505122139847723
"Cell1654","Cell1654","Batch2","Group1",80708.1098173769,10.1373887585167,-1.46257433210816
"Cell1655","Cell1655","Batch2","Group1",64510.422913197,8.90819387464109,-1.03262875461762
"Cell1656","Cell1656","Batch2","Group1",61789.9438651602,10.5529138637325,-0.0204929345571236
"Cell1657","Cell1657","Batch2","Group1",60807.5100365483,9.62675541049991,-1.28843007355695
"Cell1658","Cell1658","Batch2","Group2",63039.0206595334,-19.7093935522356,14.4409377901149
"Cell1659","Cell1659","Batch2","Group1",64555.7659583797,10.3704629806674,-0.260604379559205
"Cell1660","Cell1660","Batch2","Group2",61535.2046770234,-20.1680904076638,14.2499752216432
"Cell1661","Cell1661","Batch2","Group2",68238.5295815088,-20.1537671101325,14.0630466922961
"Cell1662","Cell1662","Batch2","Group1",55985.4039237256,9.87598409483476,-0.747191311269905
"Cell1663","Cell1663","Batch2","Group1",75046.9341679661,10.674638602349,-1.2397518296321
"Cell1664","Cell1664","Batch2","Group1",59424.5926678299,9.90870418304012,-0.898895482129478
"Cell1665","Cell1665","Batch2","Group2",42144.5728314525,-20.1468881308245,13.4849358743313
"Cell1666","Cell1666","Batch2","Group1",58691.836589724,10.6757979711743,0.0794060078823737
"Cell1667","Cell1667","Batch2","Group3",65473.7180876638,-14.2954227561174,-7.41082845732401
"Cell1668","Cell1668","Batch2","Group1",76573.49936415,9.49757254007277,0.424140994373095
"Cell1669","Cell1669","Batch2","Group1",60599.5100185972,10.2947568411499,-0.588503490519594
"Cell1670","Cell1670","Batch2","Group1",40618.794600352,10.3871406215385,-1.08591476536112
"Cell1671","Cell1671","Batch2","Group1",59932.0292481439,9.36179252295265,-0.531514185494174
"Cell1672","Cell1672","Batch2","Group1",47106.0921008083,12.6363865120255,1.18119622866476
"Cell1673","Cell1673","Batch2","Group1",49255.6252952222,9.48689367606729,0.051156706802219
"Cell1674","Cell1674","Batch2","Group2",48770.192205334,-19.6239134243657,14.6005639588874
"Cell1675","Cell1675","Batch2","Group1",51029.2672675048,9.3356734054865,-2.88113438309856
"Cell1676","Cell1676","Batch2","Group1",75163.8606612785,10.517678352271,-0.207722747168268
"Cell1677","Cell1677","Batch2","Group1",50700.6606512605,8.94088932761137,-1.93889043225995
"Cell1678","Cell1678","Batch2","Group1",54840.6751686344,9.95200447430834,-1.45515846903776
"Cell1679","Cell1679","Batch2","Group1",62120.7091049298,8.16552780857029,-0.0714887275277915
"Cell1680","Cell1680","Batch2","Group1",71544.5724322602,11.1761110869913,-1.15647678578213
"Cell1681","Cell1681","Batch2","Group1",52399.8494904317,10.0078531138269,-3.68736631445793
"Cell1682","Cell1682","Batch2","Group1",50754.4829618277,11.5895950282201,-0.753820544704391
"Cell1683","Cell1683","Batch2","Group3",53975.0323944135,-14.3914501314822,-6.26605920568284
"Cell1684","Cell1684","Batch2","Group1",47365.8251928145,10.0053116756272,0.0139835893572544
"Cell1685","Cell1685","Batch2","Group1",71970.145767618,9.83488849955029,-1.2919041069059
"Cell1686","Cell1686","Batch2","Group1",38700.522227606,10.379461677808,-0.493996250653948
"Cell1687","Cell1687","Batch2","Group1",53877.1419575788,10.8394507217076,-3.30968848829727
"Cell1688","Cell1688","Batch2","Group1",44881.0975710837,10.1975809456653,-1.18054308104339
"Cell1689","Cell1689","Batch2","Group2",40483.2279715405,-19.9633713501454,15.7483087297038
"Cell1690","Cell1690","Batch2","Group3",60218.3040709123,-13.6525400889104,-8.38305295536171
"Cell1691","Cell1691","Batch2","Group1",81442.0604971737,9.82628676526648,-3.02536803898326
"Cell1692","Cell1692","Batch2","Group1",83027.5758669218,12.1500314696377,-1.10788263180754
"Cell1693","Cell1693","Batch2","Group1",53500.4186629643,10.0764993428376,-0.873418243922628
"Cell1694","Cell1694","Batch2","Group2",52083.7801772195,-21.1652266082319,14.7591558675224
"Cell1695","Cell1695","Batch2","Group2",53763.7506493099,-19.338302442311,14.3509438672159
"Cell1696","Cell1696","Batch2","Group2",69011.0590177896,-19.3645825233186,16.3451988260319
"Cell1697","Cell1697","Batch2","Group3",35870.1448030942,-14.0119807931048,-5.50083264506816
"Cell1698","Cell1698","Batch2","Group1",62915.0130144969,10.8835679331437,-1.43547652016476
"Cell1699","Cell1699","Batch2","Group1",55209.5886053439,8.01537849134745,-1.46539806298726
"Cell1700","Cell1700","Batch2","Group1",51596.6641244972,9.99209606343208,-1.45777216238813
"Cell1701","Cell1701","Batch2","Group2",40085.7421910248,-20.7224422882621,13.8945504047649
"Cell1702","Cell1702","Batch2","Group1",57459.4474621326,12.208110488251,0.798171850100946
"Cell1703","Cell1703","Batch2","Group1",43053.0624987846,8.40064493279126,0.0610158305056838
"Cell1704","Cell1704","Batch2","Group3",59691.112882603,-14.6674688821421,-9.77821710338477
"Cell1705","Cell1705","Batch2","Group2",50062.1075459112,-20.7044806723753,15.0475288566429
"Cell1706","Cell1706","Batch2","Group2",60431.389632901,-20.8749827488194,12.159277928111
"Cell1707","Cell1707","Batch2","Group1",65657.0863904047,10.3978532608956,-1.01072919543153
"Cell1708","Cell1708","Batch2","Group1",54135.8683765071,8.74802539537917,0.0304560281627888
"Cell1709","Cell1709","Batch2","Group3",48801.6942148882,-15.2833826649262,-8.39708482360706
"Cell1710","Cell1710","Batch2","Group1",52979.0353154529,10.8983218558068,-0.494250308151079
"Cell1711","Cell1711","Batch2","Group1",52392.6345998063,7.99506410003602,-1.38943454106867
"Cell1712","Cell1712","Batch2","Group1",44415.5465292759,10.7538118670699,-0.0239705602542357
"Cell1713","Cell1713","Batch2","Group1",51219.5388922454,8.68002468851009,-1.58938146684503
"Cell1714","Cell1714","Batch2","Group2",57602.3689261605,-19.2623744337555,13.8437800105841
"Cell1715","Cell1715","Batch2","Group1",57287.2484639,9.92381795191568,-1.43163132339653
"Cell1716","Cell1716","Batch2","Group3",63953.2961300037,-13.463249018225,-8.68609113511828
"Cell1717","Cell1717","Batch2","Group1",77526.5040504506,10.8623677270499,-1.01514865296853
"Cell1718","Cell1718","Batch2","Group1",64006.1343093854,10.1516347813161,-0.591882038460704
"Cell1719","Cell1719","Batch2","Group3",80431.1964091937,-13.279050841248,-8.69208820194475
"Cell1720","Cell1720","Batch2","Group1",52597.0233623925,10.4664731925884,-0.112286699319494
"Cell1721","Cell1721","Batch2","Group2",78443.4829458703,-19.7605859723294,14.9197409239538
"Cell1722","Cell1722","Batch2","Group1",67418.9747367179,9.32042751271787,-2.02358979712136
"Cell1723","Cell1723","Batch2","Group1",47176.8329125048,12.7643725990771,-0.733157169737985
"Cell1724","Cell1724","Batch2","Group1",64889.0522808028,8.70065412031972,-0.652334013178786
"Cell1725","Cell1725","Batch2","Group1",46744.946465819,9.63423486477217,-0.648539579517137
"Cell1726","Cell1726","Batch2","Group2",72362.6915257786,-20.2739965957377,13.8187824408438
"Cell1727","Cell1727","Batch2","Group1",53747.4106563672,13.5454876354399,0.261891931828555
"Cell1728","Cell1728","Batch2","Group1",57112.4815367397,10.8553992565632,-0.782877705712158
"Cell1729","Cell1729","Batch2","Group1",52265.5483800381,10.3418809697999,-0.524643934988089
"Cell1730","Cell1730","Batch2","Group1",50491.704857672,10.5092778330333,-1.62054926240714
"Cell1731","Cell1731","Batch2","Group3",84156.03732441,-14.2812547262371,-7.69330808388451
"Cell1732","Cell1732","Batch2","Group1",73010.672244891,10.5230353083304,-1.90633450184531
"Cell1733","Cell1733","Batch2","Group1",68531.078041959,9.78969798979386,0.753247553615398
"Cell1734","Cell1734","Batch2","Group3",60762.2502938036,-13.3593143812487,-7.96142335633504
"Cell1735","Cell1735","Batch2","Group2",69373.9532682969,-19.7906076133858,15.2173877437621
"Cell1736","Cell1736","Batch2","Group1",68346.289600059,9.8522342837706,-0.536823973998653
"Cell1737","Cell1737","Batch2","Group1",82512.4210916203,12.3608476737432,-0.50224272574283
"Cell1738","Cell1738","Batch2","Group2",70969.6752507849,-20.5563681147176,16.0436311934491
"Cell1739","Cell1739","Batch2","Group3",57455.2807842342,-14.0802426906928,-7.67133919585235
"Cell1740","Cell1740","Batch2","Group2",57355.350361696,-20.4359866222302,13.4346777431947
"Cell1741","Cell1741","Batch2","Group1",54523.4131309243,9.60892893321679,-2.30436925558624
"Cell1742","Cell1742","Batch2","Group3",55673.0957087923,-14.6232232507348,-6.05816239960415
"Cell1743","Cell1743","Batch2","Group1",57105.9282274013,9.02592167006688,-0.806275273209014
"Cell1744","Cell1744","Batch2","Group1",76464.0633964598,11.1199843767168,-0.727315289190641
"Cell1745","Cell1745","Batch2","Group1",37583.7882734508,12.5759649552706,0.354788680940842
"Cell1746","Cell1746","Batch2","Group1",52032.8658930733,9.30232084460446,-0.77424422225529
"Cell1747","Cell1747","Batch2","Group2",58303.8761336939,-20.5761506593642,14.1532522140394
"Cell1748","Cell1748","Batch2","Group2",46320.889676899,-20.4655729724187,12.9565118571389
"Cell1749","Cell1749","Batch2","Group3",82769.9309815743,-14.7018365551143,-6.97576654318963
"Cell1750","Cell1750","Batch2","Group1",57137.1810112344,10.2435559639272,-1.5886501244291
"Cell1751","Cell1751","Batch2","Group3",47887.8153281761,-16.1940363221443,-6.71070128694495
"Cell1752","Cell1752","Batch2","Group2",50095.0381195293,-20.3504923563431,15.2949415430489
"Cell1753","Cell1753","Batch2","Group2",71287.6965426098,-20.680467206456,14.9414236479631
"Cell1754","Cell1754","Batch2","Group1",87012.047764487,10.1381376372542,-0.989317887057945
"Cell1755","Cell1755","Batch2","Group3",58404.3877814259,-13.4492613685215,-8.17561252982327
"Cell1756","Cell1756","Batch2","Group1",61169.6090783775,10.5961803629248,0.981488868374389
"Cell1757","Cell1757","Batch2","Group2",49527.9773553039,-20.8749220681373,12.8460306875548
"Cell1758","Cell1758","Batch2","Group1",77911.5074812228,10.2531085551761,0.333904070072564
"Cell1759","Cell1759","Batch2","Group1",69184.4486092118,10.093277677024,-0.0824573040925258
"Cell1760","Cell1760","Batch2","Group3",37577.0701692602,-15.1828977764569,-7.23980044890897
"Cell1761","Cell1761","Batch2","Group1",52625.3641584616,10.7949954800606,-1.81783268435665
"Cell1762","Cell1762","Batch2","Group1",57135.247597966,10.1474522868618,-1.63015433256773
"Cell1763","Cell1763","Batch2","Group1",47971.7639290393,9.79184051302984,-1.43216381994866
"Cell1764","Cell1764","Batch2","Group1",56690.1166432655,9.24726833988738,-1.51009794287497
"Cell1765","Cell1765","Batch2","Group1",47729.8262224131,9.71400972032257,-1.75662797874735
"Cell1766","Cell1766","Batch2","Group3",64335.161167549,-14.0629833840782,-8.21332198026247
"Cell1767","Cell1767","Batch2","Group2",64031.4054905847,-19.1286698724792,15.7889129293954
"Cell1768","Cell1768","Batch2","Group1",70417.4844959739,10.2237537326899,0.34981365297226
"Cell1769","Cell1769","Batch2","Group2",65074.7069890156,-20.538200795083,13.7449507458318
"Cell1770","Cell1770","Batch2","Group3",82357.3354194726,-14.0148841394345,-6.6851432027025
"Cell1771","Cell1771","Batch2","Group1",55424.2456740905,11.2362665235007,-0.242792786067377
"Cell1772","Cell1772","Batch2","Group1",38922.9498668652,11.0609158518385,1.23313366997318
"Cell1773","Cell1773","Batch2","Group1",60182.1961546255,10.2582798025501,-0.236578424226403
"Cell1774","Cell1774","Batch2","Group1",68184.3107017613,10.422519262486,-2.89954723428506
"Cell1775","Cell1775","Batch2","Group1",55257.1421162262,10.7625324932083,-1.10610402130631
"Cell1776","Cell1776","Batch2","Group1",79235.1502415619,11.0841540319735,-0.732304033088226
"Cell1777","Cell1777","Batch2","Group1",74529.7561279147,10.9083182716687,-2.79098146104479
"Cell1778","Cell1778","Batch2","Group1",66669.2202437163,8.54892773785039,-1.83282096622105
"Cell1779","Cell1779","Batch2","Group1",60715.5396413862,10.1959980280475,0.766939768557496
"Cell1780","Cell1780","Batch2","Group1",53621.2044029791,11.4886090447099,-2.36421843791351
"Cell1781","Cell1781","Batch2","Group1",57792.328818168,8.7038654320854,0.438932688454446
"Cell1782","Cell1782","Batch2","Group1",65764.50733197,8.90503256688778,-1.73546165015496
"Cell1783","Cell1783","Batch2","Group2",72660.9483553787,-19.9225179189941,16.0361387065339
"Cell1784","Cell1784","Batch2","Group1",56431.1770108157,9.8648139064907,-0.861412742478724
"Cell1785","Cell1785","Batch2","Group1",51758.7794691024,8.91774086494826,-0.694090159556503
"Cell1786","Cell1786","Batch2","Group1",98235.3267353556,10.5800231621277,-2.83696737960076
"Cell1787","Cell1787","Batch2","Group3",66417.2063763773,-12.9199063020128,-7.33927703562914
"Cell1788","Cell1788","Batch2","Group1",49975.0599482423,8.85580611192546,-1.58141458728579
"Cell1789","Cell1789","Batch2","Group1",72127.8711700729,10.7962222112257,-2.68791118775921
"Cell1790","Cell1790","Batch2","Group2",60617.4024260814,-20.3185812408307,13.7012026567918
"Cell1791","Cell1791","Batch2","Group1",70640.4248603646,7.54185505501407,-1.95190657405971
"Cell1792","Cell1792","Batch2","Group1",60497.6252094503,9.73197836442736,-1.87846652669227
"Cell1793","Cell1793","Batch2","Group1",59178.5361295975,9.40059661208331,-1.54409248533669
"Cell1794","Cell1794","Batch2","Group2",60969.0918732819,-19.5027566050096,14.0767272395757
"Cell1795","Cell1795","Batch2","Group1",65026.8902452888,10.009126314966,-1.84976143729465
"Cell1796","Cell1796","Batch2","Group1",52996.5901510126,7.68361077944978,-1.39051890492264
"Cell1797","Cell1797","Batch2","Group1",52518.8459134444,8.55467325777008,-1.39062406706998
"Cell1798","Cell1798","Batch2","Group3",57701.8294811244,-13.915854593289,-8.03356164952381
"Cell1799","Cell1799","Batch2","Group1",61960.990859641,9.9797250844216,-1.46585861385903
"Cell1800","Cell1800","Batch2","Group1",56191.7208361027,9.11025818920194,-1.03016906712499
"Cell1801","Cell1801","Batch2","Group1",63792.8830705035,9.82158023984801,0.565282963972389
"Cell1802","Cell1802","Batch2","Group2",48033.4497739644,-19.5699196912052,12.7174323305449
"Cell1803","Cell1803","Batch2","Group1",44972.5826860506,10.2841748227968,-1.06826645380564
"Cell1804","Cell1804","Batch2","Group1",87413.2477725113,10.5380893496492,0.540086417384821
"Cell1805","Cell1805","Batch2","Group1",64833.3507890322,10.2454294522417,-2.19899337604427
"Cell1806","Cell1806","Batch2","Group1",55303.6601964546,11.947971386155,-2.02879791815463
"Cell1807","Cell1807","Batch2","Group3",56613.8214891639,-13.8511599181535,-7.6486969664444
"Cell1808","Cell1808","Batch2","Group1",70054.1438913349,11.7837728460935,0.565908858424821
"Cell1809","Cell1809","Batch2","Group2",57407.8215610381,-21.3226795030084,13.431835390881
"Cell1810","Cell1810","Batch2","Group1",62219.4538553781,10.2971678264952,-0.839232808947173
"Cell1811","Cell1811","Batch2","Group1",56786.5553314771,8.69402397468828,-1.14458796163096
"Cell1812","Cell1812","Batch2","Group1",54161.2934010065,10.319423682218,-0.400224542668699
"Cell1813","Cell1813","Batch2","Group2",67537.4786954158,-19.7914396469108,13.8903551604272
"Cell1814","Cell1814","Batch2","Group1",61592.7169789154,11.3015936403883,-3.02981412819241
"Cell1815","Cell1815","Batch2","Group1",77680.7325591681,10.7733034834471,-1.58225302268756
"Cell1816","Cell1816","Batch2","Group1",47806.67860383,7.1966006578195,-0.164520257086028
"Cell1817","Cell1817","Batch2","Group1",58275.585951437,9.99183919803419,-2.1937416591055
"Cell1818","Cell1818","Batch2","Group1",57423.1154962492,9.22788586162825,-1.520063313546
"Cell1819","Cell1819","Batch2","Group1",48292.306112609,9.04932061584577,-1.29410205083939
"Cell1820","Cell1820","Batch2","Group1",73099.1300796338,9.6784747040885,-0.846590914007201
"Cell1821","Cell1821","Batch2","Group3",58601.7623992376,-13.2816157325069,-6.8058980816371
"Cell1822","Cell1822","Batch2","Group1",45382.7974718769,9.32174036489008,-2.23669205223886
"Cell1823","Cell1823","Batch2","Group1",53187.1377520972,10.0603664352122,0.126821717207978
"Cell1824","Cell1824","Batch2","Group2",47998.8959157743,-19.9544318782563,14.9899221254685
"Cell1825","Cell1825","Batch2","Group1",73704.3944452667,11.7546044120967,-1.86394995588952
"Cell1826","Cell1826","Batch2","Group2",99566.4850409362,-19.8090920818855,12.421523977486
"Cell1827","Cell1827","Batch2","Group1",52326.4279090048,9.35633452781333,-1.97575695146997
"Cell1828","Cell1828","Batch2","Group2",58779.827093402,-20.2080018280484,14.9079751757437
"Cell1829","Cell1829","Batch2","Group2",63319.3980109584,-21.0145161269134,12.8858853081365
"Cell1830","Cell1830","Batch2","Group2",102928.709191862,-18.3426560285849,14.901508044938
"Cell1831","Cell1831","Batch2","Group2",37578.9490635913,-20.6634786115595,15.1671186181441
"Cell1832","Cell1832","Batch2","Group1",54025.3604282146,10.9537348865245,-1.06279845998486
"Cell1833","Cell1833","Batch2","Group3",47072.3495181132,-15.7325812463826,-5.49674134064788
"Cell1834","Cell1834","Batch2","Group1",57209.4880580359,10.2270652113802,0.406132118850454
"Cell1835","Cell1835","Batch2","Group1",56659.7950667198,8.95154437410669,-0.242148986868998
"Cell1836","Cell1836","Batch2","Group1",51742.6793246365,10.4720175357781,-0.758452169266145
"Cell1837","Cell1837","Batch2","Group1",86407.6198407525,8.99152014277569,-0.682099115942735
"Cell1838","Cell1838","Batch2","Group1",63032.9615281881,9.05544669331,-4.05913683704287
"Cell1839","Cell1839","Batch2","Group3",96637.0101659378,-13.0409986773368,-8.06467859974549
"Cell1840","Cell1840","Batch2","Group2",70595.6160005417,-18.9023774304328,14.0947336740651
"Cell1841","Cell1841","Batch2","Group1",46487.4456894045,8.68412830588375,-0.995732723751751
"Cell1842","Cell1842","Batch2","Group1",51498.180554369,9.53622421497842,-0.267217111885194
"Cell1843","Cell1843","Batch2","Group1",63234.6496486238,10.5369354820457,-1.12639964853281
"Cell1844","Cell1844","Batch2","Group2",53338.8486176931,-20.8669108483066,12.9929674751008
"Cell1845","Cell1845","Batch2","Group1",64270.6233866869,9.99700235622618,-0.170073034063907
"Cell1846","Cell1846","Batch2","Group1",69321.7874088885,10.153992489176,-0.993155310328582
"Cell1847","Cell1847","Batch2","Group1",65135.4648830865,10.7341656541772,-0.536547158229406
"Cell1848","Cell1848","Batch2","Group1",58283.6818303825,10.2201664055752,0.925256796963855
"Cell1849","Cell1849","Batch2","Group2",52643.1925669061,-18.788331311523,14.0135956427116
"Cell1850","Cell1850","Batch2","Group1",46264.7616194631,11.0610986623132,0.370812117127304
"Cell1851","Cell1851","Batch2","Group3",64098.675503263,-14.8912019049789,-9.10842646646126
"Cell1852","Cell1852","Batch2","Group2",72003.2931263758,-20.2267546184846,14.3481295148381
"Cell1853","Cell1853","Batch2","Group1",58927.6746809846,8.98460430698842,-1.23901759768627
"Cell1854","Cell1854","Batch2","Group1",69614.1778657328,9.33876028979269,-0.137559744352509
"Cell1855","Cell1855","Batch2","Group1",93480.2942803647,10.4568931442109,-0.340227380069711
"Cell1856","Cell1856","Batch2","Group1",88147.2734362196,10.0686780069544,-1.88009397169091
"Cell1857","Cell1857","Batch2","Group3",54231.5924770095,-13.6821758001213,-6.24119696528692
"Cell1858","Cell1858","Batch2","Group1",66792.2522341308,9.49915776048569,-1.49952675976138
"Cell1859","Cell1859","Batch2","Group1",52029.0696165176,9.19542047721387,0.732620641918203
"Cell1860","Cell1860","Batch2","Group3",68731.4860043469,-12.3951933850462,-7.91358122348274
"Cell1861","Cell1861","Batch2","Group1",59179.3162400321,11.1697215107389,-0.767993252719099
"Cell1862","Cell1862","Batch2","Group1",63292.208723085,9.68649039010057,-1.12046340603125
"Cell1863","Cell1863","Batch2","Group1",50422.716520068,8.86964172669352,-1.49574770152946
"Cell1864","Cell1864","Batch2","Group2",76196.8637862159,-20.9983112787583,13.1773358309233
"Cell1865","Cell1865","Batch2","Group1",58874.5393276476,9.66332224932629,-2.25905634208799
"Cell1866","Cell1866","Batch2","Group1",54765.5161982175,10.5853053399859,-1.44840165069501
"Cell1867","Cell1867","Batch2","Group1",58963.6083806792,8.04013078046659,-1.49106468730168
"Cell1868","Cell1868","Batch2","Group2",60796.0242991217,-19.5586914151441,11.6504666712951
"Cell1869","Cell1869","Batch2","Group1",83064.5090472793,9.05573628962721,-1.85853201923943
"Cell1870","Cell1870","Batch2","Group1",47947.1768840493,8.68451679475679,-0.835021195987982
"Cell1871","Cell1871","Batch2","Group1",97909.4392074023,11.3309751342282,-1.62328950949136
"Cell1872","Cell1872","Batch2","Group2",51294.4338184343,-19.7765134672316,14.2918392330546
"Cell1873","Cell1873","Batch2","Group1",62002.4187269948,10.3253438978448,-2.15680940311237
"Cell1874","Cell1874","Batch2","Group1",39670.8415501283,10.0052978783613,-0.678218707523799
"Cell1875","Cell1875","Batch2","Group1",52528.3285212605,9.55556406976122,-1.26810483786357
"Cell1876","Cell1876","Batch2","Group3",69310.7068210037,-13.8286218025906,-7.55492462829487
"Cell1877","Cell1877","Batch2","Group1",66240.451934319,8.7261151318809,-1.43879305222898
"Cell1878","Cell1878","Batch2","Group1",64998.1732313981,9.74757755572581,-0.915869671634325
"Cell1879","Cell1879","Batch2","Group3",54537.6702587927,-13.0125709387675,-9.48603516056928
"Cell1880","Cell1880","Batch2","Group1",41410.3242518731,10.7700605617703,1.25963765558287
"Cell1881","Cell1881","Batch2","Group2",48311.9912362223,-20.0179908446745,15.0772813179139
"Cell1882","Cell1882","Batch2","Group1",57184.2761408324,11.4281635497702,-1.53118454135705
"Cell1883","Cell1883","Batch2","Group1",67800.6753638861,9.39098943361937,-1.19450311754656
"Cell1884","Cell1884","Batch2","Group1",70791.1375697321,9.54182813478341,-0.483179641675076
"Cell1885","Cell1885","Batch2","Group1",56354.7826669693,9.19299454224827,-1.66752720671244
"Cell1886","Cell1886","Batch2","Group2",58086.5543271826,-20.2660362519986,14.3678195829212
"Cell1887","Cell1887","Batch2","Group1",57955.438673047,10.386968813829,-1.54429548620379
"Cell1888","Cell1888","Batch2","Group1",60570.8544437669,9.59227175333813,0.0304828240821955
"Cell1889","Cell1889","Batch2","Group1",81424.2954303083,8.93038305297452,-1.13676817264517
"Cell1890","Cell1890","Batch2","Group1",51774.7311910143,10.4709670948328,-0.524824149699838
"Cell1891","Cell1891","Batch2","Group1",57471.6726649985,9.79786069945036,-1.11272422561234
"Cell1892","Cell1892","Batch2","Group3",60824.3364537723,-14.9949821325621,-9.41768662697234
"Cell1893","Cell1893","Batch2","Group1",45814.0834326142,10.9400858102331,-0.270016390828019
"Cell1894","Cell1894","Batch2","Group2",49801.1897335553,-19.8798766774007,14.7358299021356
"Cell1895","Cell1895","Batch2","Group3",62320.9166826643,-13.8329000490176,-6.91058406849461
"Cell1896","Cell1896","Batch2","Group1",65212.9811537623,9.36428503089148,-1.48464561292831
"Cell1897","Cell1897","Batch2","Group1",75208.3876694853,10.5082573966309,-1.43954525019
"Cell1898","Cell1898","Batch2","Group2",54549.2263474427,-20.9650584127915,13.8049285496407
"Cell1899","Cell1899","Batch2","Group1",80079.8967175087,9.21361368959114,-1.10392829333839
"Cell1900","Cell1900","Batch2","Group1",50366.8629430969,11.0968359664994,-1.6933435454871
"Cell1901","Cell1901","Batch2","Group1",43509.8828879812,11.5045218085946,0.171169064687182
"Cell1902","Cell1902","Batch2","Group1",40570.5336892474,11.9533361506161,-0.330742472539085
"Cell1903","Cell1903","Batch2","Group1",74668.2356403066,9.86224990430794,1.30315912429808
"Cell1904","Cell1904","Batch2","Group2",63638.5324663891,-19.5577857346788,14.4534745150271
"Cell1905","Cell1905","Batch2","Group1",58332.5550419361,8.81270322243737,0.621623139499526
"Cell1906","Cell1906","Batch2","Group1",56459.4139928525,10.5263470287564,-1.30106716656244
"Cell1907","Cell1907","Batch2","Group1",82227.9946910142,10.7882731004359,-1.21857276647746
"Cell1908","Cell1908","Batch2","Group2",76132.3917765978,-18.7317399665848,14.1242951418253
"Cell1909","Cell1909","Batch2","Group1",48984.150116712,12.2368792296914,-1.23235429857541
"Cell1910","Cell1910","Batch2","Group1",45333.275641566,9.63696545843606,-1.89508861013834
"Cell1911","Cell1911","Batch2","Group1",74388.6887390704,11.4176979254961,1.08610159456722
"Cell1912","Cell1912","Batch2","Group1",66978.1925593933,9.99447212985468,-0.4806364911762
"Cell1913","Cell1913","Batch2","Group1",54057.512386413,10.7404621072795,-1.57169704402457
"Cell1914","Cell1914","Batch2","Group1",64814.8740049526,9.13644704165556,-2.2157471012844
"Cell1915","Cell1915","Batch2","Group1",39948.7946477151,9.05519192933791,-2.54359157436165
"Cell1916","Cell1916","Batch2","Group1",52416.2378748608,9.09076027174504,-0.93881240229326
"Cell1917","Cell1917","Batch2","Group1",65316.5965261112,7.83590705635978,-1.94063387687126
"Cell1918","Cell1918","Batch2","Group1",59007.3724697166,11.3587889005941,-0.631942143198251
"Cell1919","Cell1919","Batch2","Group2",46333.5903789722,-18.6244471116309,12.9128703992269
"Cell1920","Cell1920","Batch2","Group1",73354.0668248255,9.27935348002645,-0.265539636504029
"Cell1921","Cell1921","Batch2","Group2",75554.6767002834,-19.5856865731807,14.3958654866355
"Cell1922","Cell1922","Batch2","Group1",49612.1991118797,10.7047674459382,-2.12171502027617
"Cell1923","Cell1923","Batch2","Group3",57693.896913683,-13.9957210805865,-7.94883730077523
"Cell1924","Cell1924","Batch2","Group1",69294.636575644,9.04863756955132,-0.323026357916463
"Cell1925","Cell1925","Batch2","Group1",71164.1862356536,10.3946996972353,0.144860774161588
"Cell1926","Cell1926","Batch2","Group1",53865.7692916735,10.2624220003015,-1.68645989625836
"Cell1927","Cell1927","Batch2","Group1",50226.1974989785,10.8779988737237,-1.33462389547921
"Cell1928","Cell1928","Batch2","Group1",64152.2909224233,10.5999238957385,-1.39157221498237
"Cell1929","Cell1929","Batch2","Group1",40814.6496663024,9.60877973277284,-2.280936758764
"Cell1930","Cell1930","Batch2","Group3",49512.7000408143,-15.5673890079891,-7.23628186904992
"Cell1931","Cell1931","Batch2","Group1",69892.7655279527,9.82140402664537,0.0737600105134266
"Cell1932","Cell1932","Batch2","Group1",42584.2744140771,9.07849334582004,0.374139974771639
"Cell1933","Cell1933","Batch2","Group1",47091.3482722039,8.85660908090062,-1.53177660190646
"Cell1934","Cell1934","Batch2","Group1",57059.1077317763,10.9050454438877,-0.391112657187108
"Cell1935","Cell1935","Batch2","Group1",56363.9641501155,10.3806300657399,-0.426520709831739
"Cell1936","Cell1936","Batch2","Group1",42158.4765863504,10.07906123082,-1.47576636796576
"Cell1937","Cell1937","Batch2","Group1",66295.398422835,10.0797325231023,-0.651339482642983
"Cell1938","Cell1938","Batch2","Group2",48810.8904832201,-19.9927192689206,14.847343963184
"Cell1939","Cell1939","Batch2","Group1",58011.0165795841,10.6771852161825,-0.625961525049449
"Cell1940","Cell1940","Batch2","Group2",57565.8943075463,-20.2536543697509,16.0010320117423
"Cell1941","Cell1941","Batch2","Group1",68825.2352549495,11.2354298821162,-1.32688686040928
"Cell1942","Cell1942","Batch2","Group1",59089.2155096781,8.86192179471968,-1.59259415934552
"Cell1943","Cell1943","Batch2","Group1",58286.7691827203,11.4953752257155,-2.70590040339716
"Cell1944","Cell1944","Batch2","Group1",83362.0266573882,9.09032378965543,-0.0957832776113478
"Cell1945","Cell1945","Batch2","Group1",64497.3216041153,9.21372004923041,-0.93040726122152
"Cell1946","Cell1946","Batch2","Group2",67826.489113875,-19.6452821886649,13.6107951378183
"Cell1947","Cell1947","Batch2","Group1",65839.7952389184,9.9941945239932,0.397167511007791
"Cell1948","Cell1948","Batch2","Group1",67126.013160034,9.57517304567798,-1.30012764835387
"Cell1949","Cell1949","Batch2","Group2",78209.5696750558,-19.5831641102967,15.5164030915527
"Cell1950","Cell1950","Batch2","Group1",59194.2192207874,9.82134295788343,-0.503146385403015
"Cell1951","Cell1951","Batch2","Group1",62853.9329785262,9.94526201860753,-0.904487553292301
"Cell1952","Cell1952","Batch2","Group2",88780.9009595328,-20.5980274644345,13.7098284436567
"Cell1953","Cell1953","Batch2","Group1",53851.8661895233,8.4989659840514,-1.20085190771301
"Cell1954","Cell1954","Batch2","Group1",77513.0660951641,10.1359996132197,-1.18225176258542
"Cell1955","Cell1955","Batch2","Group1",53028.4775652549,9.30062716609027,-3.33803764555427
"Cell1956","Cell1956","Batch2","Group1",84290.794190234,9.91265227463802,-1.352506610014
"Cell1957","Cell1957","Batch2","Group1",52404.6456618344,11.2757850140225,-0.521949485365356
"Cell1958","Cell1958","Batch2","Group2",50874.929889824,-21.2067450638886,13.2950653387546
"Cell1959","Cell1959","Batch2","Group1",73664.8127252776,10.6149575622614,-1.06392513666805
"Cell1960","Cell1960","Batch2","Group1",72619.3218452365,9.8256367015216,-1.4467835669505
"Cell1961","Cell1961","Batch2","Group3",66859.0644691938,-12.8662113237329,-8.53624607079106
"Cell1962","Cell1962","Batch2","Group1",63236.5481100159,10.5027021802301,-0.267681292045033
"Cell1963","Cell1963","Batch2","Group1",62841.5627433293,10.9656269592497,-0.921873607001172
"Cell1964","Cell1964","Batch2","Group1",90305.3641422398,9.36814448900548,-1.4562093093803
"Cell1965","Cell1965","Batch2","Group1",44958.4091809855,10.5917959830594,-0.219377489757961
"Cell1966","Cell1966","Batch2","Group1",49154.9452801104,9.72858320954581,-0.621903511120848
"Cell1967","Cell1967","Batch2","Group1",46359.0578800347,10.2751458520584,-2.21462671649653
"Cell1968","Cell1968","Batch2","Group1",72558.6948957876,10.7833449854444,-1.74522762135387
"Cell1969","Cell1969","Batch2","Group3",57003.708889303,-13.6982471922786,-8.09225482017109
"Cell1970","Cell1970","Batch2","Group1",58337.3785742702,12.1890365431516,-2.78819063671301
"Cell1971","Cell1971","Batch2","Group1",85533.3265909346,9.59548528426894,-0.325749897073014
"Cell1972","Cell1972","Batch2","Group2",53326.8219385955,-20.8819683808864,14.5834665470375
"Cell1973","Cell1973","Batch2","Group1",89729.8636066053,9.53119496549374,-2.94125226234358
"Cell1974","Cell1974","Batch2","Group1",45166.5404999695,10.2776798914004,-1.39272088247132
"Cell1975","Cell1975","Batch2","Group2",77930.0666903477,-19.8532895842202,13.6717519446778
"Cell1976","Cell1976","Batch2","Group1",63871.2233750986,9.1769333022845,-1.29711640727483
"Cell1977","Cell1977","Batch2","Group1",55396.9543726731,11.9904099613115,0.197905768431644
"Cell1978","Cell1978","Batch2","Group1",57839.8127427212,9.2434729255986,-0.757909925843721
"Cell1979","Cell1979","Batch2","Group3",78260.2377379145,-13.9408535422989,-7.27476540738294
"Cell1980","Cell1980","Batch2","Group1",84184.0855355947,9.39921162012588,0.22344740014885
"Cell1981","Cell1981","Batch2","Group2",42800.5587242561,-20.2037126026979,14.967325477617
"Cell1982","Cell1982","Batch2","Group1",118683.898377632,9.86697230243099,-0.516051017623076
"Cell1983","Cell1983","Batch2","Group1",100266.661501514,9.76918001657881,-2.0470630255194
"Cell1984","Cell1984","Batch2","Group1",53902.6883927021,8.43427614569707,-1.03374278554718
"Cell1985","Cell1985","Batch2","Group1",59108.1218178767,10.2706863991414,-0.895853734165844
"Cell1986","Cell1986","Batch2","Group1",52432.9520664915,9.94232418050329,-1.76939352976256
"Cell1987","Cell1987","Batch2","Group1",58770.7629967782,9.0554821444723,0.0242016274550596
"Cell1988","Cell1988","Batch2","Group1",69422.8878094254,8.75403398168955,-1.03935853558531
"Cell1989","Cell1989","Batch2","Group1",61124.7760511817,9.20536204668101,-0.242354014164226
"Cell1990","Cell1990","Batch2","Group1",62218.1103568496,9.72830874682817,-0.420524077996395
"Cell1991","Cell1991","Batch2","Group1",80479.8016336002,10.1257878511119,0.452325777019542
"Cell1992","Cell1992","Batch2","Group1",38531.3049046458,10.5640941551237,0.671113164153277
"Cell1993","Cell1993","Batch2","Group2",54269.1600947922,-19.7911788799698,12.7287492565328
"Cell1994","Cell1994","Batch2","Group1",61628.7310696238,9.52865129455298,-1.76277187426903
"Cell1995","Cell1995","Batch2","Group1",51194.1154874388,10.2474294629558,-0.383907310582051
"Cell1996","Cell1996","Batch2","Group2",74027.5979594484,-20.1497226168116,14.0824184024659
"Cell1997","Cell1997","Batch2","Group1",54770.0544303341,10.2753631451291,-0.086567035368521
"Cell1998","Cell1998","Batch2","Group2",54949.1762734558,-20.8916755564108,13.1245376942727
"Cell1999","Cell1999","Batch2","Group1",75947.8621957193,11.5755028191582,-0.819677759465677
"Cell2000","Cell2000","Batch2","Group1",70746.5332717444,7.95222746693988,-0.265567095866887
