"","B.cell","c1","c2","c3","c4","c5","CAF","Endo","Macro","malignant","NK","xcoord","ycoord"
"spot_1",0.0975545976880345,0.000116885179256444,0.000116885179256427,0.000116885179256447,0.000116885179256447,0.237577059729338,0.0928219112473676,0.0481098788976618,0.117239544452951,0.406112582088365,0.000116885179256448,7,15
"spot_2",0.000107976985482558,0.000107976985482559,0.0605253629987663,0.000107976985482558,0.000107976985482556,0.000114606901158605,0.229190040175754,0.0541334201045022,0.206512906794507,0.24608398771413,0.203007767369252,7,16
"spot_3",0.145465107632115,0.000122646672137592,0.020345205111304,0.000122646672137575,0.000122646672137559,0.013283494908666,0.270132746983948,0.0338871700110226,0.136173010630771,0.380222678033622,0.000122646672137563,7,17
"spot_4",0.0897527490095013,0.00819170120695602,8.36577968853153e-05,8.36577968853268e-05,8.36577968853263e-05,0.0916364541102028,0.0489777917137423,0.0310206452821341,0.0913975261637281,0.638688501326194,8.36577968853123e-05,7,18
"spot_5",0.193601765258413,0.000100285130464915,0.000100285130464912,0.000100285130464917,0.000100285130464914,0.115014347068054,0.232670425660222,0.0640745247111068,0.000109433396006029,0.34651818276157,0.0476101806227682,8,13
"spot_6",0.041066133854023,0.0468715401997299,0.000165840105092101,0.0001658401050921,0.000165840105092104,0.221039374598635,0.138877592107969,0.0545745777592255,0.202087417290934,0.281790738379516,0.0131951054946921,8,14
"spot_7",0.0154988865619884,0.000118379759976513,0.000118379759976511,0.00011837975997651,0.000118379759976535,0.193396773516619,0.19350554409611,0.0250291768853884,0.233655833808966,0.331068813215993,0.00737145287502961,8,15
"spot_8",0.0954782874258708,0.102388207123608,6.88009776417575e-05,6.88009776417504e-05,0.0770479609840073,6.8800977641746e-05,0.179879043906871,0.00434845374269698,0.0574576586217994,0.453480067372789,0.0297139178894332,8,16
"spot_9",0.308234301336968,0.000196023675373974,0.0626540930586289,0.000196023675373972,0.000196023675373974,0.274865068256053,0.170165692614285,0.0363964250044794,0.146704301352716,0.000196023675373972,0.000196023675373982,8,17
"spot_10",0.0623841360675026,0.000156881228522323,0.000156881228522295,0.000156881228522311,0.000156881228522324,0.187935770102171,0.255289587129356,0.074374903837827,0.149587054298479,0.251675262906721,0.0181257607438542,8,18
"spot_11",0.0605976981122595,8.20109841411836e-05,8.20109841411803e-05,8.2010984141332e-05,8.20109841412647e-05,8.20109841411771e-05,0.131406179485745,0.110374992840731,0.0907572007336334,0.595846537206404,0.0106073367005219,8,19
"spot_12",0.0852217184305337,0.000227054584701308,0.0677263510424698,0.000227054584701319,0.0383630478376856,0.251052487879229,0.189470036702254,0.112406949833115,0.180082148005332,0.068457885038846,0.00676526606113245,9,13
"spot_13",0.0751574704846812,0.0587883659257548,0.0208128526398942,0.044907073581063,0.000250719107152273,0.187103041404443,0.206347889814928,0.0907748560138002,0.208479970892711,0.0878629997642315,0.0195147603713422,9,14
"spot_14",0.111047846721196,0.000183165838155863,0.000183165838155859,0.000183165838155863,0.0032399409645511,0.324312049950839,0.0906936529014853,0.0183937427912774,0.168462880082744,0.283117223235284,0.000183165838155863,9,15
"spot_15",0.024933379902021,0.012060861003102,0.000175779543327751,0.000175779543327755,0.000175779543327749,0.192937484593847,0.0702152899810346,0.114211128382365,0.190738417982203,0.34689844378734,0.0474776557381044,9,16
"spot_16",0.239183064148231,0.000101730879137932,0.000116872975261305,0.00010173087913795,0.263454459043682,0.0970352266265827,0.167280662719103,0.13760218487358,0.0949206060970096,0.000101730879137939,0.000101730879137951,9,17
"spot_17",0.0320137572639822,9.91886927781309e-05,9.9188692778132e-05,0.105233873692725,0.06483141770073,0.000129585983557188,0.288882025365314,0.115221131635036,0.1496036577989,0.24378698448142,9.91886927781286e-05,9,18
"spot_18",0.0641477790571937,0.150099545248678,0.0690420998401626,9.53936458834116e-05,0.0001072317767815,0.0133829165340701,0.188126182041852,0.128810207955015,0.134788695662807,0.250715466352473,0.000684481885084625,10,13
"spot_19",0.0167670831200925,0.000121821728519477,0.00012182172851949,0.000121821728519474,0.000121821728519479,0.187884601548876,0.175479256537643,0.0775562230618276,0.166500840030188,0.373584278770511,0.00174043001678296,10,15
"spot_20",0.0233536972043336,7.41299751560877e-05,0.0350430160664408,7.41299751560858e-05,0.143702427851897,0.0552680692444642,0.287451656278078,0.0616362569914833,0.270604296859185,0.0752556116073314,0.0475367079464739,10,16
"spot_21",0.108777450057563,0.000100365514556626,0.000100365514556616,0.000100365514556626,0.0758034024020674,0.122683550708366,0.244935753381397,0.0714744497426772,0.219291138008728,0.156632793640975,0.000100365514556626,10,17
"spot_22",0.0412493252050325,2.21487994389725e-05,2.21487994389799e-05,2.21487994389833e-05,2.21487994389716e-05,0.0576324550483239,0.549427132716664,0.070624815328683,0.140919824584747,0.140035703119355,2.2148799439008e-05,10,18
"spot_23",0.234576530783863,0.11309231581238,9.36457886704471e-05,9.36457886704527e-05,0.095551930412581,0.0347886858245559,0.158298157784099,0.137420243170009,0.118909392270784,0.107081806575717,9.36457886704588e-05,11,12
"spot_24",0.167626672517537,0.000266341771609299,0.0106253978662415,0.0722629292653601,0.000266341771609304,0.274392437868733,0.146278198984993,0.0906334724720575,0.12003592389605,0.1173459418142,0.000266341771609302,11,13
"spot_25",0.0405644772184336,0.00013439913764445,0.00013439913764445,0.00013439913764445,0.000134399137644447,0.137061110461139,0.10117555255702,0.0499781843537332,0.127393045888298,0.527052227687104,0.0162378052836943,11,14
"spot_26",0.00062814379424599,0.00015074483312904,0.00480333788241263,0.000150744833129041,0.000150744833129041,0.11178942949936,0.125290980225812,0.0443497980962787,0.132071549322349,0.561627115179402,0.0189874115007518,11,15
"spot_27",0.0639374269551225,0.000187601397021767,0.000187601397021767,0.000187601397021758,0.000187601397021768,0.157648566926141,0.204465203704234,0.0968700903228441,0.137803983886584,0.338336721219966,0.000187601397021767,11,16
"spot_28",0.107672521222251,0.0708236851712519,7.12437334033174e-05,7.12437334033204e-05,7.12437334033213e-05,0.0410496697345823,0.326108301447775,0.0543542400458682,0.179857648864679,0.21222662866697,0.00769357364641264,11,17
"spot_29",0.0625499960310437,0.000108299472401597,0.0560902434414243,0.000108299472401599,0.000108299472401598,0.149013956605184,0.138167840928307,0.0700723223890978,0.0995644125804884,0.424108030134849,0.000108299472401598,12,12
"spot_30",0.0622726128326996,0.0610727446508276,0.00013733555297325,0.000137335552973256,0.000137335552973253,0.0350547674339843,0.128883364076068,0.0908578786424603,0.13248991857266,0.488819371579407,0.000137335552973251,12,13
"spot_31",0.0544215014308387,0.100023110041048,8.86971847976947e-05,8.86971847976728e-05,8.86971847976648e-05,0.000120601061031671,0.0561306351420387,0.110150927595781,0.0979375177031619,0.580860918286909,8.86971847976741e-05,12,14
"spot_32",0.0634487090177815,0.000138210102493776,0.000138210102493773,0.000138210102493773,0.000138210102493773,0.170422607232049,0.118973628126617,0.0759645087000485,0.122160879971395,0.44833861643964,0.000138210102493775,12,15
"spot_33",0.0880704964137761,0.0810100639539968,0.000169788448732495,0.000169788448732495,0.00656591886748571,0.219115799138056,0.140600323900076,0.0743485465899671,0.267400891434816,0.0814054983411008,0.0411428844632604,12,16
"spot_34",0.114181740945357,0.0489923868997902,4.81933825280808e-05,0.0121788806557396,0.00981848115630894,4.85868782445004e-05,0.403206741432798,0.0153694094917202,0.226147712260017,0.0922343365002052,0.0777735303972913,12,17
"spot_35",0.0589168943939326,7.58133733949911e-05,7.58133733949923e-05,7.58133733950088e-05,0.0327404897461303,7.58133733949915e-05,0.162592617058683,0.0966823848448392,0.13270034528289,0.51598820180655,7.58133733949791e-05,13,11
"spot_36",0.0356858288945731,0.00010767768116374,0.000107677681163682,0.00010767768116371,0.00010767768116371,0.000107677681163714,0.0918301667850398,0.0626029608865902,0.0471841188362729,0.762050858510542,0.000107677681163713,13,12
"spot_37",0.0202918637049371,9.38659155289301e-05,9.38659155289246e-05,9.38659155289327e-05,9.38659155289339e-05,0.122853022380901,0.0328848061468656,0.0291848682217016,0.0488390714265562,0.743257146463032,0.00231375799389064,13,13
"spot_38",0.0570250144406649,0.000187851457863087,0.000187851457863086,0.000187851457863085,0.00293271498514246,0.136022816491227,0.155210298332399,0.0335507632246315,0.19563067889469,0.393853161104253,0.0252109981534024,13,14
"spot_39",0.0307669721490214,0.0793096173600692,0.000137663851475703,0.000137663851475693,0.00013766385147568,0.000145681439111188,0.110575362319576,0.0631797889838364,0.111705222801224,0.603766699541259,0.000137663851475675,13,15
"spot_40",0.0275027388853115,0.0327186639866545,0.000191007236298634,0.000191007236298629,0.000191007236298631,0.158108022074595,0.114283554228598,0.0697924337848073,0.218596883112856,0.378233674981982,0.000191007236298634,13,16
"spot_41",7.24986312662405e-05,7.24986312662422e-05,7.24986312662407e-05,7.24986312662412e-05,0.0468672522869934,0.165085700499094,0.392939465397197,0.144552256309832,0.120922681214834,0.0937477920983338,0.0355948576686508,13,17
"spot_42",0.0618790736226374,8.40206026416886e-05,8.40206026416391e-05,8.40206026416188e-05,8.40206026416381e-05,0.0387877690084356,0.451661245106163,0.000139031087431911,0.227721013937956,0.219391764224168,8.40206026416218e-05,13,18
"spot_43",0.000101840652869915,0.000101840652869912,0.000101840652869917,0.000101840652869911,0.0128482089319245,0.0285477497319197,0.0728779204396058,0.03434991979619,0.0502548910154583,0.800612106820552,0.000101840652869881,14,7
"spot_44",9.63671017806956e-05,9.63671017806989e-05,9.6367101780677e-05,9.63671017807063e-05,9.63671017806928e-05,0.0817269922871537,0.0622270073136762,0.0910187898549509,0.0625968055246581,0.701852202408877,9.63671017806947e-05,14,8
"spot_45",0.000110960792099823,0.0094628192346741,0.000110960792099826,0.000110960792099815,0.000110960792099824,0.19261879920907,0.318840801985451,0.0645740381033211,0.179333953813451,0.234614783693534,0.000110960792099824,14,9
"spot_46",0.00679744375184232,0.000138191649634953,0.000138191649634943,0.000138191649634951,0.000138191649634949,0.136930004279357,0.124143163246129,0.00014970312497725,0.0667344729232183,0.651405328727541,0.0132871173483954,14,10
"spot_47",0.0481667671757552,0.00966011762349902,8.61271050196683e-05,8.61271050196841e-05,8.61271050196723e-05,0.0535847152010051,0.066152730978294,0.0946437325395301,0.0619074601079166,0.665539967953921,8.61271050196803e-05,14,11
"spot_48",0.0229216247871949,9.86375394814344e-05,9.86375394814382e-05,9.86375394814476e-05,0.00205739519163393,0.0650532660380501,0.0944295031320125,0.0468478330864165,0.0103486945915487,0.757947133015218,9.86375394814388e-05,14,12
"spot_49",0.0340801567313788,0.000114767210725149,0.000114767210725144,0.000114767210725133,0.000114767210725148,0.152678369983316,0.101733259833966,0.0316545892147492,0.146363258776999,0.497849848916846,0.0351814476998435,14,13
"spot_50",0.03348637023541,0.000121606662369885,0.000121606662369874,0.000121606662369884,0.000121606662369897,0.130581933147919,0.191001326873878,0.0585111849107825,0.181766933575109,0.404044217945051,0.000121606662369882,14,14
"spot_51",0.000145410645427039,0.000145410645427037,0.000145410645427038,0.000145410645427032,0.000145410645427045,0.1281651318117,0.0950439438416795,0.0588035651014667,0.132060741192441,0.581456525183052,0.00374303964252582,14,15
"spot_52",0.135578467564167,0.000275807643593903,0.000275807643593914,0.000275807643593918,0.000275807643593914,0.199176506140864,0.103649752241424,0.116405813930753,0.142479898355087,0.301330523549735,0.000275807643593919,14,16
"spot_53",0.0642600205905377,5.29141931714334e-05,5.29141931714334e-05,0.0973240707161255,0.0629330979561345,0.0573967588675857,0.422947193463763,0.08795889203706,0.184070192496142,0.022951031293137,5.2914193171435e-05,14,17
"spot_54",0.0049501595605529,4.74976132767908e-05,4.74976132767315e-05,4.74976132767817e-05,4.74976132767746e-05,4.74976132767953e-05,0.403220053412813,0.189666450517432,0.169159738428113,0.191221375249091,0.041544734765614,14,18
"spot_55",0.0993138766491124,0.000104897408262292,0.000104897408262298,0.000104897408262296,0.113368089989109,0.000104897408262296,0.139685682957439,0.0647343382366276,0.155150224373425,0.422607961419948,0.00472023674129042,15,5
"spot_56",0.000107109870989651,0.0972605989901707,0.000107109870989639,0.000107109870989654,0.00010710987098965,0.000107109870989654,0.166880861559611,0.0900882504220172,0.193198063571338,0.388764282930755,0.0632723931711586,15,6
"spot_57",0.00821146215757714,0.0395290127284351,0.000121904624183222,0.000121904624183229,0.000121904624183253,0.0847672905282196,0.191371914798964,0.0687471019993604,0.188485563990747,0.383697239775255,0.0348247001488917,15,7
"spot_58",9.06095067963777e-05,0.0518096883255342,9.06095067963865e-05,9.06095067963682e-05,9.0609506796379e-05,0.0568846445784387,0.118643580603719,0.0867234091337321,0.21447504837514,0.471010581449453,9.06095067963752e-05,15,8
"spot_59",0.0100892901616251,0.000134593843734467,0.000134593843734464,0.000134593843734462,0.000134593843734461,0.0822973939783865,0.181541592295985,0.0603393435872487,0.170746984593212,0.49008073773697,0.0043662822716351,15,9
"spot_60",0.000158702541678524,0.000158702541678542,0.000158702541678532,0.000158702541678516,0.00015870254167852,0.0361265773163356,0.0665575845866727,0.110030777727178,0.0429694916735427,0.7433633534462,0.000158702541678528,15,10
"spot_61",0.00509149882984609,7.97085841475978e-05,7.97085841475781e-05,7.97085841475981e-05,7.9708584147609e-05,0.180372405856031,0.0650297661488349,0.0813642034616504,0.00706138087980926,0.623214463527805,0.037547446959433,15,11
"spot_62",0.000115546454276731,0.000115546454276753,0.000115546454276724,0.000115546454276736,0.00682752786815991,0.271909568852542,0.124454843512196,0.0210244439702323,0.0706549933516021,0.501524590799012,0.00314184582914881,15,12
"spot_63",0.0149152897426243,0.000154697822174621,0.000154697822174611,0.00015469782217462,0.00015469782217462,0.11035616313873,0.0959322318283074,0.0842115943917715,0.0490879955442337,0.642357150577756,0.00252078348787829,15,13
"spot_64",0.0390676659115343,9.21141840437223e-05,9.21141840437304e-05,9.21141840437155e-05,9.21141840437336e-05,0.0555065097638078,0.0618728104138938,0.11561579430096,0.0599050140302851,0.6675716346593,9.21141840437348e-05,15,14
"spot_65",0.0304506836726521,9.32961564648189e-05,9.32961564648306e-05,9.32961564648289e-05,9.32961564648195e-05,0.128231706463701,0.0672654733256439,0.100860884505478,0.0750293952047656,0.597695376045435,9.32961564648233e-05,15,15
"spot_66",0.0211843425180032,0.037262394608713,0.000140735440298945,0.000140735440298931,0.000140735440298944,0.0595274448196743,0.0877781060015251,0.0733012008201023,0.14606591724995,0.574317652220836,0.000140735440298942,15,16
"spot_67",0.0709546217616857,0.122069601349448,0.000113933478082888,0.111991802670274,0.000113933478082889,0.000113933478082888,0.274995407478761,0.0573179258090109,0.189726367591982,0.170646618416335,0.00195585448825451,15,17
"spot_68",0.229126180957697,7.55461819887432e-05,7.55461819887403e-05,7.55461819887223e-05,7.55461819887337e-05,7.55461819887682e-05,0.205417745034773,0.0236361202290366,0.171129284574874,0.370237392111687,7.55461819887447e-05,15,18
"spot_69",0.0294256592273845,0.0552701266530186,4.95030704161218e-05,4.95030704160872e-05,4.95030704161082e-05,0.0744663282078871,0.161046596598326,0.0776979712560429,0.119430219602111,0.461839731099969,0.0206748581440128,16,3
"spot_70",0.0001128718444797,0.0001128718444797,0.0068191341944005,0.000112871844479699,0.000112871844479695,0.128195374094436,0.113782423614943,0.116519155562524,0.113080833287298,0.500266136138466,0.020885455730013,16,4
"spot_71",0.00110930935753895,0.000101302199892234,0.000101302199892227,0.000101302199892222,0.000101302199892219,0.0881693408862194,0.0354839941368804,0.0841547661355833,0.0367105184701018,0.74218190585717,0.011784956356937,16,5
"spot_72",0.00203289587221185,0.0456229666144383,0.000150646416347472,0.00015064641634747,0.000150646416347467,0.00599817035332841,0.106198436678156,0.0744203845534182,0.124383141484728,0.64074141877833,0.000150646416347473,16,6
"spot_73",0.00014960642499214,0.0106879569408991,0.000149606424992103,0.000149606424992146,0.000149606424992144,0.0680533949836705,0.128579588823207,0.0146480502447132,0.130534164995556,0.640365721112211,0.00653269719977443,16,7
"spot_74",0.000912846212829014,0.000120361737863513,0.000120361737863514,0.000120361737863512,0.000120361737863512,0.158359046128112,0.201009499845278,0.0602322352546266,0.178856548324488,0.363327589605787,0.0368207876774252,16,8
"spot_75",0.000973384849778434,9.80786935945155e-05,0.0263371037747346,9.80786935945059e-05,9.80786935945111e-05,0.0456262933254682,0.0876696873375361,0.0253149370639994,0.0946126258212678,0.719073653052838,9.80786935945062e-05,16,9
"spot_76",0.000160405357108952,0.000160405357108964,0.000160405357108952,0.000160405357108969,0.000160405357108953,0.0580807720651824,0.110469107261143,0.0484508758416752,0.0695870538836665,0.712449758805679,0.00016040535710895,16,10
"spot_77",9.65843962602088e-05,9.65843962602151e-05,9.658439626021e-05,9.65843962602081e-05,9.65843962602099e-05,0.12251306665073,0.0612622758756507,0.0691657537313818,0.0713673475848528,0.675112049779823,9.65843962602081e-05,16,11
"spot_78",0.000107050179578184,0.000107050179578204,0.000107050179578188,0.000107050179578202,0.000107050179578158,0.0412181339981102,0.060934469953688,0.0868624691625806,0.062615562083933,0.747727063724219,0.000107050179578186,16,12
"spot_79",0.0403310234179741,0.000157626421131044,0.01447861666814,0.00015762642113105,0.000157626421131045,0.00643995004418868,0.151812464894601,0.0237832761506516,0.0954677347647583,0.647184989337133,0.0200290654591599,16,13
"spot_80",0.0382933037862728,0.000143278775906288,0.000143278775906284,0.000143278775906286,0.000143278775906285,0.0132299623769816,0.113280645547496,0.0255858700153337,0.101656236107065,0.68112104071064,0.0262598263525862,16,14
"spot_81",0.00468525584810611,0.000155118653937878,0.000155118653937877,0.000155118653937877,0.000155118653937876,0.0928018057332519,0.0712624333688632,0.0554565654843281,0.112411226741624,0.662607119554137,0.000155118653937876,16,15
"spot_82",0.0539708536498102,0.0311516315953833,0.000189460461195677,0.000189460461195701,0.000189460461195697,0.109701362776368,0.117904865036515,0.0744480432122816,0.176658687645682,0.423162886154326,0.0124332885460466,16,16
"spot_83",0.0613590637273238,0.0952152664513373,5.27898098676318e-05,5.27898098676307e-05,0.0420854845460105,5.27898098676249e-05,0.451882178751081,0.102688050528214,0.182962398277083,0.0614635071097045,0.00218568117964288,16,17
"spot_84",0.122023489329989,0.000164623535266398,0.00016462353526641,0.0908596480674053,0.000164623535266412,0.00720287552439375,0.187260362076294,0.134664142097992,0.14225193292333,0.31507905583953,0.000164623535266394,16,18
"spot_85",0.0951710389744264,0.000104311431098966,0.000104311431098966,0.000104311431098958,0.000104311431098945,0.0971074617296753,0.261517369519423,0.137553323875868,0.0992771398554104,0.269358873888145,0.0395975464326567,16,19
"spot_86",0.000116102682715108,0.159930500564169,0.000116102682715114,0.000116102682715119,0.000116102682715098,0.000116102682715102,0.145006884241528,0.0483161040513415,0.217737211235705,0.428312683810966,0.000116102682715114,17,4
"spot_87",0.0100871087909446,0.00012932334881069,0.000129323348810691,0.000129323348810688,0.000129323348810692,0.172454718062081,0.113046922135829,0.0296474367210494,0.185534378194567,0.475598209408412,0.0131139332918741,17,5
"spot_88",9.75960143384696e-05,9.75960143384768e-05,9.75960143385161e-05,9.7596014338552e-05,9.75960143384415e-05,0.0367874249240359,0.0797074531972327,0.0308130003965036,0.152990221625955,0.684878632221722,0.0143352875628578,17,6
"spot_89",0.00119643502893591,0.000212788151565345,0.000212788151565355,0.000212788151565334,0.000212788151565347,0.14182335113397,0.140737019669023,0.0468861664685089,0.199257634395014,0.469035452546722,0.000212788151565347,17,7
"spot_90",0.0096163881140109,7.84691279168454e-05,7.84691279168599e-05,7.846912791685e-05,7.84691279168569e-05,0.0469934070659044,0.12297108739829,0.0873200095346721,0.133826942562034,0.598879819685504,7.84691279168538e-05,17,8
"spot_91",0.000104141141143934,0.000104141141143929,0.00010414114114393,0.000104141141143934,0.000104141141143933,0.0435944928007211,0.0713734847474991,0.0862463181175915,0.128909213071679,0.669251644415646,0.000104141141143932,17,9
"spot_92",0.000156356789278569,0.000156356789278549,0.000156356789278538,0.000156356789278588,0.000156356789278552,0.0356292784738607,0.103079807613329,0.0321522689431653,0.0695125677356,0.73002826120772,0.0288160320799323,17,10
"spot_93",0.000111950176089383,0.000111950176089375,0.000111950176089384,0.000111950176089361,0.00011195017608937,0.0199237836431923,0.0880860955645793,0.0492946801830594,0.0829138038930784,0.759109935659554,0.000111950176089381,17,11
"spot_94",0.0170282730602023,0.000149036158829878,0.00014903615882989,0.000149036158829876,0.000149036158829881,0.0660889157600815,0.110255766761677,0.0825778808508228,0.0952893872406993,0.616556383495137,0.0116072481960601,17,12
"spot_95",0.0110454437619539,0.000150968862101503,0.000150968862101495,0.000150968862101503,0.0159331661520397,0.0938648118846067,0.0864454943320799,0.0367589595460816,0.085294801923525,0.670053446951307,0.000150968862101502,17,13
"spot_96",0.0118745412878117,0.000151441880718557,0.0351281029461914,0.000151441880718549,0.000151441880718551,0.0214167852713986,0.0803302488313124,0.0931377455589693,0.0880248152526716,0.669481993328771,0.000151441880718551,17,14
"spot_97",0.0612101420875665,0.00011538881367966,0.000115388813679699,0.000115388813679692,0.000115388813679673,0.200662448173093,0.0749523496502415,0.0457875937777856,0.0854171485077088,0.531393373735206,0.00011538881367967,17,15
"spot_98",0.117844946094584,0.0996453990567261,0.000174265692064908,0.000174265692064916,0.000174265692064911,0.0524521107435017,0.248645421617744,0.101190309238827,0.131956243428425,0.222027988687923,0.0257147840560744,17,16
"spot_99",0.0392090153133568,0.0271557478003033,3.73551757933048e-05,3.73551757932956e-05,3.73551757932995e-05,3.73551757932827e-05,0.514266912813396,0.118926588936554,0.163401749676911,0.0953822489785309,0.0415083157777743,17,17
"spot_100",0.0540025954222098,0.084297465917386,9.92699378865788e-05,0.026481492667608,9.92699378865766e-05,0.000103065040601074,0.242274649097478,0.137057993172268,0.144995984117838,0.310488944750951,9.92699378865766e-05,17,18
"spot_101",0.131131464089567,0.000109379205419438,0.00010937920541943,0.000109379205419392,0.000109379205419429,0.134313859059259,0.237580157114671,0.209910293713914,0.084023890695887,0.202493439299604,0.000109379205419441,17,19
"spot_102",0.10616975001322,0.0336579206218279,5.04224508843671e-05,5.04224508843598e-05,5.04224508843603e-05,0.000108850579720481,0.35502822324628,0.176121350182293,0.224610577507277,0.0435496590173549,0.0606024014793741,17,20
"spot_103",0.156897345133671,0.000151437988591488,0.000151437988591492,0.000151437988591504,0.000151437988591486,0.119312666179732,0.26168596818394,0.123439636445193,0.135221766400888,0.194564857406245,0.00827200829596525,17,21
"spot_104",0.0534202704288215,0.0926678602505408,4.6839032982501e-05,4.68390329822834e-05,4.68390329822805e-05,4.68390329822518e-05,0.0825217627845375,0.05069872933489,0.148765610456993,0.571691571579305,4.68390329823896e-05,18,4
"spot_105",7.12617140492355e-05,7.12617140492391e-05,7.12617140492566e-05,7.12617140492047e-05,7.12617140492286e-05,0.02842288574012,0.258435502950429,0.0306002039083121,0.20954633411657,0.415451161165505,0.0571876035488181,18,5
"spot_106",8.63854990149625e-05,8.63854990149952e-05,8.63854990149578e-05,8.63854990149986e-05,8.63854990149877e-05,0.0553133009709015,0.0718320310402846,0.0386554937164725,0.144382475884548,0.689298385393703,8.63854990149913e-05,18,6
"spot_107",0.0120780872631591,0.000105240879758904,0.000105240879758947,0.000105240879758885,0.000105240879758908,0.000105240879758903,0.100768820631653,0.0387170141288922,0.0271682251311597,0.820636407566583,0.000105240879758904,18,7
"spot_108",0.000154468536227192,0.000154468536227198,0.00015446853622719,0.000154468536227184,0.00015446853622719,0.0742819822578565,0.08811716160666,0.065094144749821,0.0534341203535891,0.71814577981471,0.000154468536227192,18,8
"spot_109",0.000102198766875845,0.000102198766875815,0.000102198766875846,0.000102198766875845,0.000102198766875831,0.0753898214531064,0.0588521264132586,0.0487549777456944,0.0895384716107297,0.726851410175956,0.000102198766875847,18,9
"spot_110",0.000156063997558679,0.000156063997558682,0.000156063997558681,0.000156063997558679,0.000156063997558679,0.0554905359724722,0.0534768736208171,0.0602840094030177,0.0669081195560278,0.761681826720244,0.00137831473962789,18,10
"spot_111",0.0130820323568647,9.41596101548841e-05,9.41596101548798e-05,9.41596101548855e-05,9.41596101548809e-05,0.062033204210789,0.013760581915222,0.0756126746514058,0.0630345371792448,0.772006171635699,9.41596101548808e-05,18,11
"spot_112",8.46850063360605e-05,8.46850063360669e-05,8.46850063360609e-05,8.46850063360592e-05,8.46850063360454e-05,0.0897198142918479,0.204571981674474,0.032354080240542,0.101647878645025,0.571198135110095,8.46850063360575e-05,18,12
"spot_113",0.000102346571393786,0.000102346571393802,0.000102346571393791,0.000102346571393818,0.000102346571393785,0.0794443618618403,0.152089544650377,0.0595681259227888,0.0649065494756404,0.643377338660991,0.000102346571393786,18,13
"spot_114",0.000156261574961152,0.000156261574961156,0.000156261574961156,0.000156261574961154,0.000156261574961151,0.0355829417002251,0.0874024244012574,0.0603829449774828,0.0586342209629135,0.713920558701895,0.04329560138142,18,14
"spot_115",0.0702479862337218,7.36062710699096e-05,7.36062710699067e-05,7.36062710698662e-05,7.36062710699076e-05,0.12129015029205,0.133694392993468,0.0001411586680386,0.153729545657981,0.520528734799392,7.36062710699009e-05,18,15
"spot_116",0.115953200706949,0.205977494920859,0.000162926693147731,0.000162926693147738,0.000162926693147743,0.000162926693147726,0.220359192157737,0.0291623036740515,0.193229705499548,0.234503469575117,0.000162926693147729,18,16
"spot_117",0.0536554310677765,7.60965624861106e-05,7.60965624861067e-05,0.0232770580024382,7.60965624861117e-05,7.60965624861067e-05,0.426872334977909,0.0875734422576389,0.138559918128194,0.235544895576005,0.0342125337400937,18,17
"spot_118",0.00220769573290962,0.151790328380682,9.9606648590464e-05,9.96066485904438e-05,9.96066485904475e-05,0.000130546655981561,0.253980118827396,0.179176781653774,0.159452395248787,0.252863706906108,9.96066485904541e-05,18,18
"spot_119",0.0469780540537919,0.000134026468500509,0.0643770847568726,0.000134026468500515,0.000134026468500502,0.154398387721532,0.190858605162488,0.135061654261808,0.118982157961355,0.26190533139329,0.027036645283362,18,19
"spot_120",0.145437058283119,0.0740061418979186,0.00011487400694131,0.000114874006941333,0.000114874006941311,0.00016006230697962,0.281378825533278,0.200009315448729,0.180625156265345,0.117923944236865,0.000114874006941313,18,20
"spot_121",0.156651457129465,0.108923611310873,7.20957997370768e-05,7.20957997370668e-05,7.2095799737057e-05,0.00173233448285942,0.261706261368285,0.237846877871209,0.202573414182257,0.0302776604561031,7.20957997370631e-05,18,21
"spot_122",0.0987495013741026,0.0869706398388736,0.054621209754906,0.0587656295513276,6.79429882243537e-05,8.451615295953e-05,0.342646067133266,0.126300471973648,0.202402154615231,0.0293239236292373,6.79429882243597e-05,18,22
"spot_123",0.0780959617047563,0.0781442699782664,8.10816558773781e-05,0.0440084254518417,8.10816558773749e-05,8.10816558773788e-05,0.38445502441384,0.143428556298861,0.225225916147569,0.0128890361845187,0.0335095648527145,18,23
"spot_124",0.122940413673309,0.000147541087475532,0.17435813624222,0.000147541087475588,0.000147541087475602,0.000147541087475598,0.217194466929217,0.116216277193073,0.178572414529465,0.189980585995339,0.000147541087475594,18,24
"spot_125",0.000119931066341401,0.000119931066341409,0.000119931066341408,0.000119931066341401,0.000119931066341404,0.000119931066341398,0.172297978757982,0.000126909803114202,0.331811491263656,0.329882301042345,0.165161732734854,19,4
"spot_126",0.0355785470577241,0.000133729745441419,0.161958479783491,0.00013372974544112,0.000133729745441294,0.000133729745441338,0.000133729745441345,0.109754010819985,0.136619356021703,0.555287227844449,0.000133729745441335,19,5
"spot_127",7.1308421676045e-05,7.13084216769347e-05,7.13084216769821e-05,7.13084216769369e-05,7.13084216769432e-05,7.13084216769329e-05,0.128743060523851,0.0665144707991629,0.0247073519951419,0.760003670548164,0.0196035956036193,19,6
"spot_128",0.011835853732732,0.000106028593186425,0.000106028593186434,0.000106028593186426,0.000106028593186432,0.0494792062939923,0.0339685644500526,0.0871638449272424,0.0700941993966332,0.746928188233415,0.000106028593186434,19,7
"spot_129",0.0011737771250775,0.00010280667613075,0.000102806676130786,0.000102806676130748,0.00010280667613078,0.00010280667613077,0.159404990029492,0.000117281887091034,0.0132724367464292,0.825414674155125,0.000102806676130774,19,8
"spot_130",0.000111436158483408,0.000111436158483439,0.0191422382511953,0.000111436158483422,0.000111436158483402,0.000111436158483408,0.0663446096038576,0.0601984254088575,0.050342822621816,0.803303287163373,0.000111436158483405,19,9
"spot_131",0.000105981614485409,0.000105981614485409,0.000105981614485396,0.000105981614485427,0.000105981614485414,0.0189848776135857,0.0675523493431446,0.108838375357427,0.0216476945121841,0.782340813486746,0.000105981614485409,19,10
"spot_132",9.79902252795491e-05,9.79902252795397e-05,0.00991478879140059,9.79902252795542e-05,0.00284209142745211,0.00583140653235756,0.0648403436739418,0.0526458957314496,0.0484465921516471,0.815086920790633,9.79902252795495e-05,19,11
"spot_133",0.000100361749568962,0.000100361749568955,0.000100361749568971,0.000100361749568966,0.000100361749568965,0.070913663290176,0.1228032214954,0.0372013128502642,0.112731243005364,0.655748388861382,0.000100361749568964,19,12
"spot_134",0.00620173528709525,0.000148509642807866,0.00014850964280788,0.000148509642807878,0.000148509642807882,0.0995191103467353,0.111222919997963,0.082321173004698,0.0305969065137364,0.669395606635732,0.000148509642807877,19,13
"spot_135",0.0244982035673637,0.000147521141900172,0.000147521141900204,0.000147521141900216,0.000147521141900204,0.110765966635389,0.0346691747272002,0.0690342336829466,0.0718835638593911,0.687701436200685,0.000857336759422949,19,14
"spot_136",0.00935233091709905,0.00013128551880101,0.000131285518801017,0.000131285518801001,0.000131285518801011,0.193635231273275,0.11511974138574,0.0763396635636681,0.150738855961241,0.425851375211703,0.0284376596120698,19,15
"spot_137",0.172954192637019,0.130644497896645,0.104532141267654,0.000118737920852208,0.000118737920852205,0.000119585423485027,0.258027960725411,0.0636946415749948,0.23623545551285,0.0130284269876406,0.0205256221325959,19,16
"spot_138",0.0387164217405272,7.40028820092948e-05,7.40028820092446e-05,7.40028820092647e-05,7.400288200928e-05,0.0622466786217106,0.31048029859931,0.14075586157757,0.177755532719358,0.269675192331478,7.40028820092922e-05,19,17
"spot_139",0.0568962485848082,0.00795505115655596,7.50439801257899e-05,7.50439801258441e-05,0.0908503975212747,7.50439801257945e-05,0.341670594732147,0.0596663159705404,0.168245741915894,0.274415474198276,7.50439801258216e-05,19,18
"spot_140",0.0588906265904497,4.7555168139018e-05,4.7555168139025e-05,4.75551681390205e-05,0.0564005898650107,4.75551681390252e-05,0.456955896913693,0.148541709680015,0.132603653362878,0.146369747747258,4.75551681390322e-05,19,19
"spot_141",0.175468382935524,0.0321465995139237,0.000103896234529525,0.000103896234529512,0.000103896234529522,0.0672308531033986,0.308630584714768,0.133646874216227,0.138186940822003,0.144274179756038,0.000103896234529526,19,20
"spot_143",0.23352020649135,7.25298858842107e-05,7.25298858842175e-05,0.0753638405311684,0.0404145558126745,7.25298858842057e-05,0.332258535522736,0.126921106019355,0.103820965368236,0.0874106707109425,7.25298858842112e-05,19,22
"spot_144",0.147896170615796,7.11178764460601e-05,7.11178764460598e-05,7.11178764460712e-05,7.11178764460692e-05,0.0430747684040018,0.337182821792094,0.0880957528583138,0.18272345940563,0.200671437541933,7.11178764460526e-05,19,23
"spot_145",0.0998209657412234,7.46840511791929e-05,7.46840511792606e-05,0.02539790877291,7.46840511792144e-05,7.46840511791753e-05,0.356180267825741,0.27248611433707,0.165310013923831,0.0618112089630085,0.0186947842315,19,24
"spot_146",0.157588855842904,0.000103136923116755,0.15165000555347,0.000103136923116666,0.000103136923116767,0.00010313692311669,0.260465232932716,0.188840566232535,0.148506994582105,0.0924326602406871,0.000103136923116682,19,25
"spot_147",0.0486643810654833,4.78837900440281e-05,4.78837900440295e-05,4.78837900440389e-05,0.050553504376179,0.0639533921316159,0.403176885036397,0.201630080220744,0.127560988568253,0.104269233441152,4.78837900440305e-05,19,26
"spot_148",0.153099129407676,3.02040163680774e-05,3.02040163681229e-05,3.02040163681172e-05,3.02040163681139e-05,0.115473342485804,0.51846064052539,0.114260744513618,0.0834365782413853,0.00997830677065324,0.00517044198999984,19,27
"spot_149",0.00905094846737558,2.12604653813899e-05,0.105790303801983,2.12604653814213e-05,2.12604653814304e-05,2.12604653814201e-05,0.543335477538855,0.151031871781749,0.0650533837870905,0.12563171229604,2.12604653814579e-05,19,28
"spot_150",5.15524088275641e-05,5.15524088273617e-05,5.15524088277547e-05,5.15524088275594e-05,0.0100553972509556,5.15524088275679e-05,0.112497571992264,0.0190418229354696,0.162038487470975,0.69605740589737,5.15524088275661e-05,20,5
"spot_151",0.032824018820787,0.000135182971917744,0.000135182971917718,0.000135182971917702,0.000135182971917756,0.000135182971917741,0.0481898621641701,0.0397513529815259,0.115779205795544,0.739574679597638,0.0232049657807461,20,6
"spot_152",0.000105654192841769,0.0154981724604244,0.00010565419284175,0.000105654192841711,0.000105654192841768,0.000105654192841753,0.0403024632899229,0.0461572826519899,0.0221182979683312,0.870013892466901,0.00538162019822156,20,7
"spot_153",9.25737570415968e-05,0.00593957324253149,9.25737570415952e-05,9.25737570416417e-05,9.25737570415234e-05,9.25737570415963e-05,0.0418071806306926,0.037918910797359,0.129382270344159,0.784396622443009,9.25737570415968e-05,20,8
"spot_154",0.000157495515637212,0.00015749551563719,0.00015749551563719,0.000157495515637209,0.000157495515637195,0.0522076258015166,0.00153557972796919,0.0786452072877489,0.068562539942366,0.798104074146576,0.000157495515637195,20,9
"spot_155",0.000156291117614675,0.000156291117614702,0.000156291117614674,0.000156291117614686,0.000156291117614676,0.0410850115105263,0.0575982800283511,0.0704670517252553,0.0467568086909602,0.783155101339219,0.000156291117614684,20,10
"spot_156",9.15435566769907e-05,9.15435566770081e-05,9.15435566769825e-05,9.15435566770114e-05,9.15435566769883e-05,0.053556066263175,0.129301375313471,0.0517998061627944,0.0477963022299457,0.716997188690552,9.15435566770067e-05,20,11
"spot_157",0.000144091264759667,0.00014409126475967,0.000144091264759667,0.000144091264759657,0.0331821430147565,0.0531001000312295,0.217767593597548,0.0565957501192146,0.0503026591965197,0.580916724554655,0.00755866442703758,20,12
"spot_158",0.199413675578833,0.000293058650141018,0.000293058650141006,0.000293058650140986,0.000293058650140999,0.247483103964473,0.155491886394873,0.0347382608585208,0.117628512463743,0.243779267488851,0.000293058650140996,20,13
"spot_159",0.0494321489683594,0.000142886266275713,0.000142886266275704,0.000142886266275714,0.000142886266275716,0.145231579222111,0.18114613508208,0.0574303147365143,0.107845435868586,0.458199954790971,0.000142886266275716,20,14
"spot_160",0.0182841937599042,0.000129640305073453,0.00012964030507345,0.000129640305073454,0.000129640305073454,0.197717764699045,0.0659469487378862,0.1094574352771,0.180419310492773,0.414711679422748,0.0129441063902498,20,15
"spot_161",0.0269114560856546,0.273322847980874,8.59437743238022e-05,0.00205042858258817,8.59437743237974e-05,0.0207445206530424,0.321600579691986,0.174697776972388,0.130676986768923,0.0497375719415717,8.59437743238063e-05,20,16
"spot_162",0.072242344237724,0.000104325651165062,0.0477203181880749,0.000104325651165064,0.000104325651165053,0.0443026422337318,0.244531114831092,0.192873302377702,0.0989617725761701,0.298951202950845,0.000104325651165061,20,17
"spot_163",0.0672269070895078,0.00010946548643461,0.00010946548643461,0.000109465486434599,0.000109465486434609,0.0945153578968388,0.218275280793204,0.312839143666856,0.0686651305824777,0.237930852538942,0.000109465486434606,20,18
"spot_164",0.0317898043632706,7.07607091603949e-05,7.07607091604559e-05,7.07607091603232e-05,0.0708339008273496,0.0969419410481361,0.371142529406289,0.0470761001982385,0.246427255238002,0.125824806186568,0.00975138060466549,20,19
"spot_165",0.166865662053541,0.109349157396196,0.000110521755239708,0.00011052175523968,0.00011052175523969,0.00858154195070604,0.255359596587771,0.168632603106003,0.156414452023812,0.134354899861012,0.00011052175523969,20,20
"spot_166",0.243710621334994,0.00016457372606061,0.0183276544904677,0.000164573726060622,0.000164573726060625,0.0812100005260168,0.181286134339048,0.106238611909869,0.149223375665601,0.219345306829761,0.000164573726060675,20,21
"spot_167",0.23453946801096,0.137115792811012,0.0195010946235703,7.43498229211369e-05,0.00253455730709443,0.0691368288304447,0.275630316950054,0.123084292364623,0.106859411880138,0.0141753567214162,0.0173485306777659,20,22
"spot_168",0.191858976493968,0.113104651654475,0.0663655860101163,0.000100973518246411,0.000100973518246406,0.000100973518246409,0.308060504155799,0.119249245691706,0.1307674877921,0.0685172837892742,0.00177334385782219,20,23
"spot_169",0.0960135648117235,0.0693313567934323,9.87997274818896e-05,0.0710954892245455,0.0761634035343488,0.000209891273160057,0.285093816385853,0.148227779574221,0.149736757118919,0.103930341828834,9.8799727481893e-05,20,24
"spot_170",0.209739710330552,0.00010235773688296,0.000112830031900869,0.0232580068263229,0.000102357736882957,0.0550143559632605,0.348659892514108,0.000136318486017759,0.0698016956705562,0.174031088379468,0.119041386324047,20,25
"spot_171",0.153634466951652,7.29121238878103e-05,0.0423345084749719,0.0338663873788179,7.29121238878093e-05,7.29121238878115e-05,0.322598036597898,0.215030225741217,0.103127390434342,0.0862997781989023,0.0428904698505365,20,26
"spot_172",0.0901543801859968,4.69505993789608e-05,4.69505993789672e-05,4.69505993788836e-05,4.69505993789714e-05,0.0798655164933544,0.459591495747822,0.0924380665999009,0.163495361995611,0.0955690201224262,0.0186983564573733,20,27
"spot_173",0.100590111896761,0.0559417425204209,5.39845354591172e-05,5.39845354591629e-05,5.39845354591647e-05,5.39845354591641e-05,0.475770409757182,0.133723298264228,0.0805746373442096,0.153129877539902,5.39845354591628e-05,20,28
"spot_174",9.14379775896898e-05,9.14379775897595e-05,9.14379775897673e-05,9.14379775897451e-05,9.14379775897291e-05,9.1437977589754e-05,0.0608505629144437,0.0487263042062756,0.0208862722338747,0.868896794802278,9.14379775897479e-05,21,6
"spot_175",0.000110427731879582,0.000110427731879715,0.00011042773187963,0.00011042773187958,0.000110427731879581,0.000110427731879584,0.064365077868761,0.052898868951847,0.066432880152335,0.8155301789039,0.000110427731879558,21,7
"spot_176",0.000157946977081639,0.000157946977081651,0.00015794697708177,0.000157946977081674,0.000157946977081616,0.0172140519660664,0.101783872539131,0.054243339167217,0.0576187338140677,0.768192320651027,0.000157946977081646,21,8
"spot_177",0.00330910084822713,9.48320941391995e-05,9.48320941390448e-05,9.48320941388728e-05,9.48320941391054e-05,9.48320941391575e-05,0.124474158317323,0.0806687507876023,0.0715930328543708,0.719385964627642,9.48320941391602e-05,21,9
"spot_178",0.000162362854234861,0.000162362854234788,0.000162362854234846,0.000162362854234798,0.000162362854234829,0.000162362854234832,0.0464814707364115,0.0983658398635233,0.0874351683311474,0.766580981089274,0.000162362854234827,21,10
"spot_179",0.000146681664959191,0.000146681664959185,0.000146681664959194,0.00014668166495919,0.000146681664959173,0.000146681664959193,0.137524410737202,0.00015277370063608,0.231946835948456,0.597382378031082,0.0321135115928689,21,11
"spot_180",0.00014808982453347,0.000148089824533475,0.000148089824533474,0.000148089824533469,0.00466383313078903,0.0815340472730441,0.0224550246357653,0.0704621781071106,0.0733669128895948,0.744499113952741,0.00242653071282089,21,12
"spot_181",0.0206839786088659,0.000148949917072148,0.000148949917072147,0.000148949917072151,0.000148949917072151,0.0828105492563266,0.0812072765510592,0.0515518122686448,0.0662303371797315,0.696771296550011,0.000148949917072153,21,13
"spot_182",0.137551131644,0.000195001557262184,0.000195001557262191,0.000195001557262177,0.000195001557262187,0.246667441793604,0.173349891419773,0.0502352506497384,0.107477523010227,0.283743753696347,0.000195001557262185,21,14
"spot_183",0.0911643001358171,0.106610745189395,0.0139759182589598,0.000373342657856343,0.000243881692217881,0.197890289403595,0.139428371788287,0.0855483924803612,0.254355783287835,0.110165093413458,0.000243881692217879,21,15
"spot_184",0.0570233516571446,0.0888980774588549,0.0351766495869192,6.95077881846103e-05,6.95077881846195e-05,0.0329221481967106,0.340415936904161,0.117648450601756,0.156494551667628,0.159309801566591,0.0119720167838654,21,16
"spot_185",0.0564542333185877,0.0689855988659809,0.0291180187039182,4.97974212159143e-05,4.97974212159102e-05,4.97974212159147e-05,0.378599455720049,0.246621805002773,0.110824133492166,0.0818380208386158,0.0274093417942619,21,17
"spot_186",4.41656134474837e-05,0.00636921031403835,4.41656134473872e-05,4.41656134475328e-05,4.41656134474475e-05,0.0961088692471059,0.324974520729121,0.100555829033047,0.0801368966176886,0.391633845991761,4.41656134474969e-05,21,18
"spot_187",0.143392132447726,7.51780323184438e-05,7.5178032318292e-05,7.51780323182784e-05,7.51780323183361e-05,7.5178032318351e-05,0.277197302298612,0.31150401527009,0.110497164306601,0.156958317483061,7.51780323183362e-05,21,19
"spot_188",0.174902522006944,0.000109677931660304,0.000109677931660305,0.000109677931660298,0.00471306676986692,0.0825434835845678,0.327894024051919,0.126257208965548,0.195723195886139,0.087527787008374,0.000109677931660315,21,20
"spot_189",0.22681441992487,0.130781910734873,0.000186611217067396,0.0334209481174544,0.0478965092910363,0.0587396879428555,0.238180156336556,0.107671447535704,0.15593508646545,0.000186611217067394,0.000186611217067394,21,21
"spot_190",0.225128700361018,0.000172340933001548,0.13367206943548,0.131663803831108,0.000172340933001548,0.0141964492728214,0.122653683514141,0.213020691235799,0.129809788010266,0.000172340933001547,0.0293377915403622,21,22
"spot_191",0.404868199338666,0.0228774854254735,0.0458480370951552,0.0979303950330515,0.00013088620057377,0.000130886200573793,0.223123907612494,0.0722488139611717,0.132579616731693,0.000130886200573801,0.000130886200573798,21,23
"spot_192",0.186303748959352,0.122959232556025,5.15033107880579e-05,5.15033107880536e-05,5.15033107880705e-05,5.15033107880676e-05,0.442213106963167,0.0853053450358788,0.107462678166871,0.0554983717647649,5.15033107880696e-05,21,24
"spot_193",0.21173791477807,7.41771185345462e-05,0.0151707361543458,7.4177118534546e-05,0.0709640719533567,0.0545887840724819,0.30908147737035,0.198097977685351,0.140062329511907,7.41771185345465e-05,7.41771185345409e-05,21,25
"spot_194",0.294371236454917,0.116049251382354,0.000107881491963533,0.000107881491963536,0.000173116446019788,0.000120050515920429,0.222667320708068,0.147410144995444,0.218721026223554,0.000164208797832554,0.000107881491963534,21,26
"spot_195",0.14698106746629,4.714700652083e-05,4.71470065208458e-05,0.090267775722975,0.0449855440718344,0.0485610532939226,0.373172877511154,0.0856964682852285,0.12615492650721,0.0840388461218229,4.71470065208327e-05,21,27
"spot_196",0.0369741218632307,0.00909822915650383,0.000115764166440345,0.0284861413686195,0.00011576416644059,0.0555756695059107,0.331860272948498,0.177261356360589,0.128273294083734,0.232123622213593,0.000115764166440591,21,28
"spot_197",0.000101189416035883,0.000101189416035878,0.000101189416035865,0.000101189416035889,0.000101189416035886,0.120839565931945,0.102007258542829,0.0718144415738165,0.0865968564908884,0.618134740964307,0.000101189416035882,22,6
"spot_198",0.000158069112875855,0.000158069112875857,0.000158069112875891,0.000158069112875905,0.000158069112875852,0.0910615729441478,0.0171446082726591,0.0843022332084538,0.175585807221853,0.630957363675631,0.000158069112875857,22,7
"spot_199",9.30173471653405e-05,9.30173471653374e-05,9.30173471653439e-05,9.30173471652843e-05,9.30173471653408e-05,0.0148951962718567,0.0492677862715532,0.11594070100195,0.111010658255856,0.708327554115792,9.30173471653358e-05,22,8
"spot_200",0.0186349107814595,0.000156430931814539,0.000156430931814561,0.000156430931814576,0.000156430931814531,0.00519146893066038,0.123089292214709,0.0110174963675848,0.0297823053687953,0.804559154813611,0.00709964779592105,22,9
"spot_201",0.00871888127047578,0.00015264495401679,0.0499429083507538,0.00015264495401681,0.000152644954016807,0.000152644954016808,0.141866819047573,0.0578714898843164,0.12268685673197,0.618149819944826,0.000152644954016814,22,10
"spot_202",9.43983865196992e-05,9.43983865197004e-05,9.43983865197151e-05,9.43983865196901e-05,9.43983865196979e-05,0.0883312552136729,0.0430591724991753,0.100014755153086,0.0775153066537384,0.67066282932235,0.0199446892253788,22,11
"spot_203",9.55701549895508e-05,9.55701549895569e-05,9.55701549895493e-05,9.55701549895423e-05,9.55701549895435e-05,0.010897349075756,0.0868968921865606,0.0633227729236585,0.0734677182555273,0.709988275184656,0.054949141598894,22,12
"spot_204",0.0937487136829134,0.100272212554864,0.0185866820104682,0.000115992855898533,0.0624449162122188,0.0155733300555064,0.181453235221373,0.0490100963397607,0.0976118213890015,0.381067006822096,0.00011599285589853,22,13
"spot_205",0.106371923418951,0.000124260136489433,0.000124260136489432,0.000124260136489433,0.134500104647896,0.129785938916632,0.313586737436689,0.0583736665583519,0.160228552796535,0.0966560356789869,0.000124260136489433,22,14
"spot_206",0.065803141472981,0.0182658117951357,0.126647435638217,6.94881392268768e-05,0.0413862277767183,6.9488139226867e-05,0.351665941406323,0.100708974740796,0.146305733954925,0.149008268797223,6.94881392268782e-05,22,15
"spot_207",0.0437872360656499,0.021289852329722,5.22386624679023e-05,5.22386624679058e-05,5.22386624679049e-05,5.22386624679067e-05,0.477050713702942,0.203210529964768,0.0935012577063881,0.160899216918191,5.22386624679036e-05,22,16
"spot_208",0.0119554445737279,0.00625611454457472,7.19819888014064e-05,7.19819888013707e-05,7.19819888013611e-05,0.136699212209203,0.350039749101726,0.15312904921136,0.0784668806249917,0.244762631361755,0.018474972406258,22,17
"spot_209",0.0326255039754953,0.0835973123608042,4.89416962859596e-05,4.89416962859504e-05,4.89416962859651e-05,9.25276070703901e-05,0.427669215536552,0.0505551949623231,0.0815510232846621,0.30641431526388,0.0173480819203548,22,18
"spot_210",0.17506767224809,9.94038424234239e-05,0.0175371310943497,9.94038424234235e-05,9.94038424234271e-05,0.142530606018052,0.26406999562954,0.118399621906633,0.119530893681569,0.162466464052074,9.94038424234255e-05,22,19
"spot_211",0.0968586491457517,0.112673455823167,0.000127173351242282,0.0634402077733925,0.000127173351242282,0.00012717335124228,0.369275521872331,0.159841976360387,0.170394764023005,0.000255223906608295,0.0268786810416314,22,20
"spot_212",0.248452517040786,0.000110582849510996,0.000110582849510993,0.000110582849510999,0.0362675271620923,0.0402042332996328,0.288166819318061,0.173956220641666,0.121064496236496,0.0914458549032214,0.000110582849510997,22,21
"spot_213",0.403613204187637,0.115850663811225,0.000134636077138581,0.000134636077138585,0.000134636077138581,0.0100325596900198,0.205241436044509,0.179060063710372,0.0855165497444516,0.000146978503230758,0.000134636077138584,22,22
"spot_214",0.43918418884503,0.000136110680999627,0.000136110680999627,0.000136110680999627,0.00013611068099965,0.112034966879342,0.20074963277572,0.143374509903728,0.103840037510183,0.000136110680999622,0.000136110680999621,22,23
"spot_215",0.170381008736047,0.0374780467994601,0.0924817522841046,0.000115907215935952,0.000115907215935949,0.000115907215935869,0.363607067329689,0.211887641913078,0.105642898668977,0.0180579554049011,0.000115907215935948,22,24
"spot_216",0.300179664526492,0.000106091308986,0.000126155604004891,0.0306565223593752,0.000106091308985988,0.0832090912140839,0.212246329749835,0.197040077368699,0.176095690564931,0.000128194685621796,0.000106091308985975,22,25
"spot_217",0.666590361247538,6.94738212879938e-05,6.94738212879788e-05,6.94738212879788e-05,6.94738212879437e-05,0.131153867396387,0.066838931214509,6.94738212879761e-05,0.13493052339255,6.94738212879738e-05,6.94738212879689e-05,22,26
"spot_218",0.565851173453495,0.0614268474205227,9.61878653807771e-05,9.6187865380793e-05,0.0379622936021176,0.0716485764440257,0.142057211676758,9.61878653807775e-05,0.120572958076177,9.61878653807729e-05,9.61878653807768e-05,22,27
"spot_219",0.000145522803833344,0.020134790037761,0.000145522803833339,0.000145522803833357,0.00014552280383334,0.0664970699593086,0.0806999256606776,0.0722794965950706,0.207635479729787,0.54690572980867,0.00526541699339141,23,7
"spot_220",0.000116213260850485,0.000116213260850475,0.000116213260850484,0.000116213260850441,0.000116213260850484,0.000116213260850481,0.0304675107572763,0.0489043384535934,0.0678462065061202,0.835734534948709,0.016350129769198,23,8
"spot_221",6.09464131597897e-05,6.094641315991e-05,6.09464131597354e-05,6.09464131598472e-05,6.09464131597306e-05,6.09464131597635e-05,0.130326736674371,0.0386998726189503,6.09464131597896e-05,0.830485819401401,6.09464131597955e-05,23,9
"spot_222",0.000102924244700834,0.00010292424470548,0.000102924244705506,0.000102924244705571,0.000102924244705547,0.00010292424470555,0.0668189905535054,0.0727832308385116,0.000102924244705535,0.838785148479496,0.0208921604155534,23,10
"spot_223",0.00423038502424391,0.000165961467702428,0.000165961467702427,0.000165961467702391,0.000165961467702413,0.000165961467702411,0.0269821517378728,0.0418312774115202,0.0362553112065373,0.873407445414727,0.0164636218665872,23,11
"spot_224",0.0277330575613986,0.000193927535763318,0.000193927535763323,0.000193927535763345,0.00019392753576332,0.142422693606148,0.134913559518389,0.096608332223562,0.189600355068686,0.402884926094918,0.00506136578384504,23,12
"spot_225",0.0831886892048606,0.106299260177541,0.015502190190049,0.000152788228983932,0.000152788228983933,0.135638537295039,0.235475466967119,0.144408168791926,0.133986235066615,0.145043087619899,0.000152788228983929,23,13
"spot_226",0.0800640464371272,0.141247641370623,6.67364442376261e-05,6.67364442376255e-05,6.67364442376184e-05,8.28019763505811e-05,0.326201698134147,0.204348148772991,0.115902940285741,0.13188577724607,6.67364442376178e-05,23,14
"spot_227",0.0350500085347791,0.155274497114126,0.0416018325061456,7.25069985935593e-05,7.2506998593604e-05,7.92776225717235e-05,0.322334353524748,0.177325850613127,0.158558287390286,0.109558371698435,7.2506998593555e-05,23,15
"spot_228",0.05387754785666,0.000107836940112488,0.000107836940112478,0.000107836940112508,0.100028238920903,0.00171345838529305,0.255613910081153,0.150568546633038,0.215069330711955,0.197824227847533,0.0249812287431271,23,16
"spot_229",0.0553870722655724,0.000174725420250055,0.000174725420250059,0.000174725420250061,0.000174725420250067,0.0441824065649897,0.302836699223585,0.169526899728405,0.163542801332306,0.263650493783892,0.00017472542025007,23,17
"spot_230",0.0273658763709717,4.68736669084978e-05,4.68736669085244e-05,0.0513897476137006,4.68736669085368e-05,4.68736669085095e-05,0.42157874822129,0.131352337697603,0.174915313338239,0.166042432693522,0.02716804939704,23,18
"spot_231",0.1588984071612,0.102538481540372,0.0164671859355822,0.0901652582016728,0.000175791225908394,0.00022428652789265,0.26962082271449,0.180731192899974,0.091398020612176,0.0730246544047625,0.0167558987759695,23,19
"spot_232",0.257235414777385,0.0757089828533791,0.00012681899432377,0.000126818994323761,0.0432475663318368,0.0410657211464044,0.235801900037893,0.155118650576911,0.191314488298896,0.00012681899432377,0.000126818994323782,23,20
"spot_233",0.617723152381002,7.21971067448883e-05,0.000145096303145336,7.21971067449019e-05,0.00564574070766548,0.209848922443286,0.0230793899358038,0.0423066535917113,0.100962256210407,7.21971067448945e-05,7.2197106744909e-05,23,21
"spot_234",0.591404996112777,0.000106778565447748,0.0853336014968138,0.000106778565447775,0.000106778565447708,0.129775951829935,0.143412739619621,0.000323044276224591,0.0492157738373901,0.000106778565447739,0.000106778565447735,23,22
"spot_235",0.180066745798694,0.00016692524626288,0.458323905137269,0.000166925246262874,0.000166925246262863,0.0678492401382452,0.137497548044398,0.0277933349567346,0.127634599693345,0.000166925246262864,0.000166925246262864,23,23
"spot_236",9.14756043927573e-05,9.14756043927358e-05,0.416954092704215,0.147368702499955,9.14756043927446e-05,0.0312892681106807,0.121204473356464,0.0978852975034339,0.184840787803287,9.14756043927566e-05,9.14756043927581e-05,23,24
"spot_237",0.00018838000837165,0.000188380008371625,0.212059954009831,0.000188380008371635,0.000188380008371849,0.000188380008371588,0.299129974724779,0.000188380008371618,0.138932775245659,0.116768465549144,0.231978550420357,23,25
"spot_238",0.230365660583369,9.23260773143788e-05,0.193908639408179,9.2326077314391e-05,9.23260773143789e-05,0.0974072548270288,0.0658354218590651,0.120276934869725,0.00589146270028355,0.285945321443092,9.23260773143808e-05,23,26
"spot_239",7.60132004753336e-05,7.60132004753433e-05,7.60132004753679e-05,7.6013200475335e-05,7.60132004753167e-05,0.221110100664201,0.113414016894287,0.000151808866354549,0.136918348053688,0.527949646318618,7.60132004753324e-05,24,8
"spot_240",0.0264536530307238,8.90016315795636e-05,8.90016315794921e-05,8.90016315794492e-05,8.90016315794636e-05,8.90016315794603e-05,0.0536530593389286,0.00796296731961086,0.0592448004022196,0.823898477046398,0.0283420347042213,24,9
"spot_241",0.000100097231737073,0.000100097231737062,0.000100097231736917,0.000100097231737042,0.00348923581234953,0.00010009723173721,0.0592770807558658,0.00926130068681866,0.076741558529555,0.850630240824989,0.000100097231737059,24,10
"spot_242",9.20155367013165e-05,9.20155367014144e-05,9.201553670126e-05,9.20155367018222e-05,9.20155367013392e-05,9.20155367013058e-05,0.000160133211871982,0.0210029988740832,0.0676801404507596,0.910512618706376,9.2015536701169e-05,24,11
"spot_243",0.0335134163801307,0.000167301522297588,0.000167301522297585,0.00016730152229758,0.000167301522297589,0.272180826499388,0.149338566865902,0.117708001263309,0.158575042799119,0.228869036553601,0.0391459035493598,24,12
"spot_244",0.0330585434488009,0.000102380162962118,0.000102380162962113,0.000102380162962115,0.000102380162962128,0.298216227850854,0.271277250416854,0.108399156865833,0.0602524631089111,0.227018721007774,0.00136811664912465,24,13
"spot_245",0.0107581850132142,0.0303100110198686,0.0807094449372718,0.000103444912202575,0.000103444912202579,0.0679924609815124,0.216505565680373,0.201606679156123,0.168557142536923,0.223250175938106,0.000103444912202579,24,14
"spot_246",0.00429359588677309,6.7357727366293e-05,0.111321357517451,6.73577273662922e-05,6.73577273662882e-05,0.000104621450193089,0.336263706995874,0.103881686336954,0.15298251494698,0.156803484438108,0.134146959245567,24,15
"spot_247",0.00771720640317301,7.82851107479332e-05,7.8285110747917e-05,0.0550605812952011,7.82851107479155e-05,7.82851107479247e-05,0.451078862147255,0.098316396391269,0.120861211368281,0.266574316841081,7.8285110747927e-05,24,16
"spot_248",0.0218638588606024,0.0806281962262606,7.36813626609291e-05,7.3681362660855e-05,7.36813626609141e-05,7.36813626609149e-05,0.403525451844036,0.157257268283373,0.15441269722554,0.181944120746884,7.36813626608946e-05,24,17
"spot_249",0.0320168282791257,7.881550958341e-05,7.88155095833998e-05,7.88155095834074e-05,0.0313872357653052,7.88155095834357e-05,0.412754611716133,0.193422081230077,0.129934203288399,0.124470308962753,0.0756994687198732,24,18
"spot_250",0.0752440029181468,0.000153751093458117,0.0713924989458898,0.000153751093458214,0.000153751093458229,0.000153751093458255,0.190754920796719,0.162017417455046,0.121226555158541,0.336514373121864,0.0422352272299615,24,19
"spot_251",0.129445613793358,0.082393837153239,6.88706301660361e-05,6.88706301660392e-05,0.0488224762904665,6.88706301660323e-05,0.234527141542075,0.27968258812582,0.152090128095013,0.0399966320061518,0.032834971103378,24,20
"spot_252",0.640043620710853,5.32484261170104e-05,0.0742257225124575,5.32484261170029e-05,0.0518840661756237,0.135693484459226,0.0527548077214415,0.0229996692116045,0.0202647077528216,5.3248426117004e-05,0.0019741761776215,24,21
"spot_253",0.595228260387981,0.0992707964153738,4.59085799168173e-05,0.0926087621736435,4.16140578050636e-05,8.87493817954077e-05,0.112021143324427,0.0225434398766096,0.0780680976868376,4.16140578050713e-05,4.16140578050731e-05,24,22
"spot_254",0.108703036844496,0.00015336037467525,0.436460128339611,0.000153360374675243,0.000153360374675255,0.0309017158998722,0.10600575809751,0.161610523411148,0.155552035533987,0.000153360374675259,0.000153360374675251,24,23
"spot_255",0.235288752658471,9.99948555879272e-05,0.214204191140863,9.99948555879305e-05,0.00686912513239871,0.178190028358401,0.149093761427027,0.111516081659645,0.104438080200843,9.99948555879365e-05,9.99948555879364e-05,24,24
"spot_256",0.231139970505407,0.00372162644673579,0.252425245344782,0.000157045471485016,0.00868739408586164,0.0529824459583813,0.127682813768511,0.138282028410427,0.175899358930566,0.000157045471485041,0.00886502560635727,24,25
"spot_257",0.0735329135674497,0.00014773982486176,0.000147739824861737,0.000147739824861731,0.16464988038769,0.000147739824861733,0.207863437780284,0.136432292103916,0.198024579698606,0.218758197337746,0.000147739824861744,25,9
"spot_258",0.0298460966597736,0.00042245709612425,0.000422457096824138,0.000422457096124562,0.000422457096127024,0.000422457096124577,0.000422457096124482,0.222553801436049,0.390095194479105,0.354547707751499,0.000422457096124196,25,10
"spot_259",0.00930860356398266,3.20775083448209e-05,3.20775083447797e-05,3.2077508344801e-05,3.20775083448447e-05,3.95603814792761e-05,0.0328257569945017,0.0795734682749541,0.139071943139105,0.739020280104253,3.20775083448449e-05,25,11
"spot_260",0.0839120833086632,0.13682366382158,0.00522280826840903,0.000103124076269117,0.00010312407626911,0.101687292163386,0.0834389885924645,0.142508954025912,0.072813542910826,0.373283294679952,0.00010312407626914,25,12
"spot_261",0.0572350500060652,7.50172634715574e-05,7.50172634715645e-05,7.50172634715544e-05,7.5017263471558e-05,7.50172634715732e-05,0.238099680338632,0.387055268322625,0.123105163618006,0.133197070572219,0.0609326808250951,25,13
"spot_262",0.0559594380215018,7.6223429435485e-05,7.62234294354612e-05,7.62234294353995e-05,7.62234294354664e-05,0.0769753071324221,0.34417581415046,0.161554904427851,0.219260586511759,0.141692832608829,7.62234294354667e-05,25,14
"spot_263",0.0290636958120922,0.191522647883527,6.83916876646583e-05,6.83916876646473e-05,6.83916876646595e-05,6.83916876646672e-05,0.385333450252206,0.122721587994474,0.127396201044896,0.143620458574481,6.83916876646564e-05,25,15
"spot_264",0.103608553932774,9.45105935883853e-05,0.047353013442897,9.45105935884264e-05,9.45105935884006e-05,0.147862786158582,0.283901133121451,0.0819703203413864,0.08346519833256,0.251460952295995,9.45105935883841e-05,25,16
"spot_265",4.49674447910201e-05,4.49674447910401e-05,0.136311376478641,4.49674447910361e-05,4.4967444791021e-05,0.028902571022873,0.36128025078988,0.0234435984133602,0.0228013449639128,0.334487969482895,0.0925930190692743,25,17
"spot_266",0.0467091241683242,0.0332973788175133,4.71574084401216e-05,4.71574084401065e-05,0.0409562503622192,4.7157408440126e-05,0.418648547881094,0.161276398917535,0.0447963881886199,0.254127282030934,4.71574084401207e-05,25,18
"spot_267",0.0132100034480223,0.000111602379270153,0.000111602379270146,0.000111602379270272,0.000111602379270154,0.0757337065587356,0.211042904282816,0.101466450896736,0.125281644535681,0.472707278381657,0.000111602379270154,25,19
"spot_268",0.0852821340267296,6.78904590704684e-05,6.78904590704576e-05,0.159801035970933,6.78904590704839e-05,6.7890459070461e-05,0.326986209468118,0.175623846565982,0.214083972983424,0.00928584415016297,0.0286653949983685,25,20
"spot_269",0.757327392946141,7.2608658309916e-05,7.26086583098963e-05,7.26086583099148e-05,7.26086583098538e-05,0.147778232769834,0.0251991038835782,0.0646192325625787,8.6717087754892e-05,7.2608658309899e-05,0.00462627745856361,25,21
"spot_270",0.269510083220267,0.000178207268004259,0.202001426505223,0.147625404291434,0.133819425652414,0.000178207268004259,0.0939219168763899,0.0398208763832766,0.109578390803158,0.000178207268004259,0.00318785446382429,25,22
"spot_271",0.139731478943554,0.000107564739998939,0.559411148582457,0.000103130667413326,0.000103130667413324,0.000103130667413303,0.0968461273747145,0.0934665247265143,0.0936866293430496,0.0163380036200586,0.000103130667413329,25,23
"spot_272",0.466195740857783,8.76322754597245e-05,0.113328061334932,8.763227545972e-05,8.76322754597244e-05,0.098493688660043,0.132470518875293,0.0337515951063713,0.0792366394115566,8.76322754597231e-05,0.076173226652182,25,24
"spot_273",0.102527486831566,0.000118282959872829,0.000118282959872851,0.000118282959872768,0.00011828295987285,0.156419003776647,0.000118282959872848,0.100633779018066,0.137021585554389,0.502688447060095,0.000118282959872847,26,11
"spot_274",0.0192226604683086,0.0317446660628304,0.0554776967909823,3.40240067628725e-05,3.40240067628746e-05,3.40240067628604e-05,0.518544183688661,0.163698900511519,0.0726994658080694,0.138476330642579,3.40240067628712e-05,26,12
"spot_275",0.161017240314731,0.000111130617545997,0.00389069230661131,0.000111130617546008,0.000111130617545998,0.095332087888469,0.265986408270631,0.0295819061995613,0.137915621520356,0.305831521029457,0.000111130617545992,26,13
"spot_276",0.103563437336565,0.0831353783214338,0.039909838096768,4.32852826814892e-05,4.32852826814427e-05,0.0532482694916543,0.377199422662866,0.0850376077770916,0.094787314211446,0.16298887625413,4.32852826814721e-05,26,14
"spot_277",0.00316824013514915,3.47168984323488e-05,3.47168984323488e-05,3.4716898432373e-05,0.0412337490256344,3.47168984323513e-05,0.497377553764713,0.152849964908377,0.118533389769112,0.186663517904852,3.47168984323514e-05,26,15
"spot_278",0.0200375488684086,0.037564020298078,5.45261607597855e-05,5.45261607598178e-05,5.45261607597674e-05,5.45261607598462e-05,0.480079468777237,0.0469101751794243,0.175373728626029,0.239762427447024,5.45261607597854e-05,26,16
"spot_279",0.0924583416869152,5.20987167735468e-05,5.209871677354e-05,5.20987167735437e-05,0.0220779893825428,5.2098716773557e-05,0.448656485032166,0.0667246802171652,0.112779423390998,0.257042586706346,5.20987167735146e-05,26,17
"spot_280",0.0774063017855514,2.40444752408992e-05,0.00264024395644787,2.40444752409245e-05,2.40444752408723e-05,2.40444752409038e-05,0.571692950340689,0.145569079095071,0.0806139165474658,0.12195728589857,2.40444752408871e-05,26,18
"spot_281",0.0607397081982954,0.141483066710858,6.47025760739512e-05,6.47025760740255e-05,6.47025760740269e-05,6.47025760740361e-05,0.35095387849856,0.109986199094607,0.0733439124877848,0.263169722129525,6.47025760740245e-05,26,19
"spot_282",0.0287048009214466,3.49725804676831e-05,3.49725804676349e-05,3.49725804676863e-05,3.49725804676943e-05,3.49725804676657e-05,0.538130348026895,0.236940980277828,0.0981956826441671,0.0602269814215498,0.0376263438057747,26,20
"spot_283",0.45835940317357,0.0110211165954757,6.65978554271177e-05,0.0307824333609613,6.65978554271133e-05,0.165059079056024,0.0810277579171898,0.15760637693087,0.0958774415442006,6.65978554271091e-05,6.65978554271108e-05,26,21
"spot_284",0.215154767619035,0.000155458631691859,0.048114396058662,0.000155458631691855,0.156295616124603,0.147161241176421,0.104551109258782,0.188663608292812,0.139437426942918,0.000155458631691855,0.000155458631691855,26,22
"spot_285",0.21923626290022,0.165666345744304,0.000114061146637293,0.000114061146637226,0.000114061146637196,0.00011406114663723,0.209393968615966,0.0713112618393597,0.000114061146637195,0.333707794020328,0.000114061146637085,26,23
"spot_286",0.00684540160080826,0.107663891939961,6.77327023723755e-05,6.77327023723961e-05,0.0268231482643145,6.77327023723969e-05,0.147767952572922,7.66907383355086e-05,0.110336965932745,0.600215018141425,6.77327023723858e-05,27,14
"spot_287",0.00010618013827822,0.000106180138278218,0.00010618013827822,0.000106180138278214,0.00010618013827822,0.209121699884671,0.304245368382453,0.203399460449582,0.108759935508246,0.17383645494538,0.000106180138278223,27,15
"spot_288",0.0878760671347087,7.67022843690042e-05,7.67022843690876e-05,7.67022843690162e-05,7.67022843689957e-05,7.67022843690264e-05,0.440592763443671,0.138655564847558,0.180836028342814,0.151579362525034,7.67022843690084e-05,27,17
"spot_289",0.161147693880088,0.000164963920884106,0.0001649639208841,0.000164963920884065,0.0357030215144303,0.000164963920884098,0.289040901333482,0.0733076853104291,0.197355486638325,0.227874655558611,0.0149107000810994,27,18
"spot_290",0.0568194459860078,0.000102838947282574,0.000102838947282505,0.0001028389472825,0.000102838947282561,0.055276485653146,0.253233646433273,0.0694225479524332,0.12753918760153,0.347060298640788,0.0902370319436924,27,19
"spot_291",0.139048443227944,7.94972617089959e-05,7.949726170901e-05,0.155019132416768,0.0175774791793374,7.94972617090046e-05,0.379636071182135,0.0610759209859569,0.148374529584466,0.0989504343765565,7.94972617090098e-05,27,20
"spot_292",0.339561428129696,0.0899888215470162,7.56799762736081e-05,7.56799762735738e-05,7.56799762735975e-05,0.000117271175683788,0.242767617238931,0.299680032972533,0.0275064290547728,7.56799762735993e-05,7.56799762735981e-05,27,21
"spot_293",0.460073451840269,8.71512877306431e-05,9.21259147495128e-05,0.000127223347553818,0.0169482154495255,0.197331716451542,0.173291990435078,0.0910779970708379,0.0607958256272525,8.71512877306313e-05,8.71512877306352e-05,27,22
