"","simulation","ARI","method"
"1","sim1",0.994144342730412,"scSpace"
"2","sim1",0.450127550557247,"louvain"
"3","sim1",0.444994061378002,"kmeans"
"4","sim1",0.882411348855258,"hclust"
"5","sim1",0.53809971106966,"scCoGAPS"
"6","sim1",0.918371273078715,"DR.SC"
"7","sim1",0.91528657348757,"BayesSpace"
"8","sim1",0.447656048854412,"SpaGCN"
"9","sim1",0.966043624647546,"STAGATE"
"10","sim2",0.965138328250301,"scSpace"
"11","sim2",0.600817045675751,"louvain"
"12","sim2",0.60508615644587,"kmeans"
"13","sim2",0.698532659996994,"hclust"
"14","sim2",0.410600336632069,"scCoGAPS"
"15","sim2",0.699172189095898,"DR.SC"
"16","sim2",0.841334848525075,"BayesSpace"
"17","sim2",0.268831992748223,"SpaGCN"
"18","sim2",0.66707827774033,"STAGATE"
"19","sim3",0.937955267408249,"scSpace"
"20","sim3",0.846464996407404,"louvain"
"21","sim3",0.736079648000649,"kmeans"
"22","sim3",0.0165392074048302,"hclust"
"23","sim3",0.434672930647401,"scCoGAPS"
"24","sim3",0.571545269035715,"DR.SC"
"25","sim3",0.764314805453772,"BayesSpace"
"26","sim3",0.567076944465474,"SpaGCN"
"27","sim3",0.888418701436005,"STAGATE"
"28","sim4",0.925057009221321,"scSpace"
"29","sim4",0.858417888027171,"louvain"
"30","sim4",0.666939789320758,"kmeans"
"31","sim4",0.45160865293994,"hclust"
"32","sim4",0.685500603559061,"scCoGAPS"
"33","sim4",0.831413383793884,"DR.SC"
"34","sim4",0.841749279946918,"BayesSpace"
"35","sim4",0.707608247853796,"SpaGCN"
"36","sim4",0.791623580367698,"STAGATE"
"37","sim5",0.814876299297238,"scSpace"
"38","sim5",0.645889308158917,"louvain"
"39","sim5",0.646363984231477,"kmeans"
"40","sim5",0.534219773409244,"hclust"
"41","sim5",0.368882820611167,"scCoGAPS"
"42","sim5",0.825314327042351,"DR.SC"
"43","sim5",0.63271617268144,"BayesSpace"
"44","sim5",0.583956405228183,"SpaGCN"
"45","sim5",0.84432848551202,"STAGATE"
"46","sim6",0.849015241465452,"scSpace"
"47","sim6",0.690787369354328,"louvain"
"48","sim6",0.727503924954106,"kmeans"
"49","sim6",0.370805085848061,"hclust"
"50","sim6",0.402698233253371,"scCoGAPS"
"51","sim6",0.837572055998211,"DR.SC"
"52","sim6",0.583600240524651,"BayesSpace"
"53","sim6",0.437803976124597,"SpaGCN"
"54","sim6",0.739304372514421,"STAGATE"
"55","sim7",0.93400312911063,"scSpace"
"56","sim7",0.740706492695671,"louvain"
"57","sim7",0.74596985787082,"kmeans"
"58","sim7",0.768794704067546,"hclust"
"59","sim7",0.770506309337092,"scCoGAPS"
"60","sim7",0.800984609705883,"DR.SC"
"61","sim7",0.743357514097569,"BayesSpace"
"62","sim7",0.641196374809866,"SpaGCN"
"63","sim7",0.770433690089311,"STAGATE"
"64","sim8",0.953508059893697,"scSpace"
"65","sim8",0.872033277221069,"louvain"
"66","sim8",0.818261440808149,"kmeans"
"67","sim8",0.632860853284429,"hclust"
"68","sim8",0.600421845343245,"scCoGAPS"
"69","sim8",0.876030435740626,"DR.SC"
"70","sim8",0.826062154215118,"BayesSpace"
"71","sim8",0.529681272717279,"SpaGCN"
"72","sim8",0.852770427249163,"STAGATE"
"73","sim9",0.866405557105783,"scSpace"
"74","sim9",0.708916590383992,"louvain"
"75","sim9",0.705350902054614,"kmeans"
"76","sim9",0.555698731638165,"hclust"
"77","sim9",0.421909076807827,"scCoGAPS"
"78","sim9",0.578165599582628,"DR.SC"
"79","sim9",0.680969724832463,"BayesSpace"
"80","sim9",0.567390766355834,"SpaGCN"
"81","sim9",0.809373958747099,"STAGATE"
"82","sim10",0.973176268068553,"scSpace"
"83","sim10",0.909520838011201,"louvain"
"84","sim10",0.725169622253436,"kmeans"
"85","sim10",0.299629665919023,"hclust"
"86","sim10",0.541427302634862,"scCoGAPS"
"87","sim10",0.70932253651699,"DR.SC"
"88","sim10",0.563020236356061,"BayesSpace"
"89","sim10",0.557981944116551,"SpaGCN"
"90","sim10",0.81924785438284,"STAGATE"
"91","sim11",0.989290367577499,"scSpace"
"92","sim11",0.521363702428774,"louvain"
"93","sim11",0.484206671278638,"kmeans"
"94","sim11",0.00722345502862516,"hclust"
"95","sim11",0.474892379216853,"scCoGAPS"
"96","sim11",0.87918699062366,"DR.SC"
"97","sim11",0.473016636493212,"BayesSpace"
"98","sim11",0.469077983795007,"SpaGCN"
"99","sim11",0.414272182838361,"STAGATE"
"100","sim12",0.964857157645046,"scSpace"
"101","sim12",0.572130939872471,"louvain"
"102","sim12",0.595728621072723,"kmeans"
"103","sim12",0.620949961100393,"hclust"
"104","sim12",0.537665177704092,"scCoGAPS"
"105","sim12",0.572448854653842,"DR.SC"
"106","sim12",0.402549825229692,"BayesSpace"
"107","sim12",0.371157320803585,"SpaGCN"
"108","sim12",0.377542898742452,"STAGATE"
"109","sim13",0.902772378511968,"scSpace"
"110","sim13",0.65116854566577,"louvain"
"111","sim13",0.419048010720047,"kmeans"
"112","sim13",0.28325013983352,"hclust"
"113","sim13",0.392533489058609,"scCoGAPS"
"114","sim13",0.340810307141965,"DR.SC"
"115","sim13",0.402521655115227,"BayesSpace"
"116","sim13",0.398839846565509,"SpaGCN"
"117","sim13",0.486221471649753,"STAGATE"
"118","sim14",0.940066517007855,"scSpace"
"119","sim14",0.721985222624113,"louvain"
"120","sim14",0.742505661823448,"kmeans"
"121","sim14",0.168008928875293,"hclust"
"122","sim14",0.723962008001436,"scCoGAPS"
"123","sim14",0.768423043012968,"DR.SC"
"124","sim14",0.782029412346874,"BayesSpace"
"125","sim14",0.717375641646717,"SpaGCN"
"126","sim14",0.565062257833229,"STAGATE"
"127","sim15",0.810419106586695,"scSpace"
"128","sim15",0.567078257096469,"louvain"
"129","sim15",0.49338646685376,"kmeans"
"130","sim15",0.299411791005529,"hclust"
"131","sim15",0.427358569646234,"scCoGAPS"
"132","sim15",0.504841066230249,"DR.SC"
"133","sim15",0.462808392002178,"BayesSpace"
"134","sim15",0.455902865347774,"SpaGCN"
"135","sim15",0.493845268107059,"STAGATE"
"136","sim16",0.863427000792721,"scSpace"
"137","sim16",0.608489607911388,"louvain"
"138","sim16",0.614514345295202,"kmeans"
"139","sim16",0.00455304871698735,"hclust"
"140","sim16",0.39847450360946,"scCoGAPS"
"141","sim16",0.226611760544181,"DR.SC"
"142","sim16",0.531950312845432,"BayesSpace"
"143","sim16",0.431308463254843,"SpaGCN"
"144","sim16",0.544596091445481,"STAGATE"
"145","sim17",0.947596694301132,"scSpace"
"146","sim17",0.855768163021057,"louvain"
"147","sim17",0.878868597619754,"kmeans"
"148","sim17",0.746321099271662,"hclust"
"149","sim17",0.794214549545709,"scCoGAPS"
"150","sim17",0.598251708304969,"DR.SC"
"151","sim17",0.69797877698803,"BayesSpace"
"152","sim17",0.730234463322293,"SpaGCN"
"153","sim17",0.655554083515267,"STAGATE"
"154","sim18",0.911247056324263,"scSpace"
"155","sim18",0.791777656927289,"louvain"
"156","sim18",0.684562291099872,"kmeans"
"157","sim18",0.506440145749322,"hclust"
"158","sim18",0.560063863798178,"scCoGAPS"
"159","sim18",0.777837127311277,"DR.SC"
"160","sim18",0.805400542071358,"BayesSpace"
"161","sim18",0.537480435526535,"SpaGCN"
"162","sim18",0.5004996333606,"STAGATE"
"163","sim19",0.924268114123584,"scSpace"
"164","sim19",0.750605829647166,"louvain"
"165","sim19",0.577447689101234,"kmeans"
"166","sim19",0.365711956454015,"hclust"
"167","sim19",0.633216762010097,"scCoGAPS"
"168","sim19",0.654574766245972,"DR.SC"
"169","sim19",0.760569445683416,"BayesSpace"
"170","sim19",0.72958034804272,"SpaGCN"
"171","sim19",0.732508212785638,"STAGATE"
"172","sim20",0.840485476376866,"scSpace"
"173","sim20",0.708170285695896,"louvain"
"174","sim20",0.748878841551393,"kmeans"
"175","sim20",0.418178532237386,"hclust"
"176","sim20",0.51496102025492,"scCoGAPS"
"177","sim20",0.641465063846069,"DR.SC"
"178","sim20",0.551740780462668,"BayesSpace"
"179","sim20",0.519342878745111,"SpaGCN"
"180","sim20",0.553797603046558,"STAGATE"
"181","sim21",0.992059045366587,"scSpace"
"182","sim21",0.451109399988453,"louvain"
"183","sim21",0.975168979974441,"kmeans"
"184","sim21",-0.106225129624822,"hclust"
"185","sim21",0.448953889075058,"scCoGAPS"
"186","sim21",0.961434963993567,"DR.SC"
"187","sim21",0.428155095409128,"BayesSpace"
"188","sim21",0.385435952143849,"SpaGCN"
"189","sim21",0.995966493478091,"STAGATE"
"190","sim22",0.957709762899771,"scSpace"
"191","sim22",0.645502461242378,"louvain"
"192","sim22",0.912545361865057,"kmeans"
"193","sim22",0.599351174112621,"hclust"
"194","sim22",0.421875449997126,"scCoGAPS"
"195","sim22",0.911655355124242,"DR.SC"
"196","sim22",0.836747194399128,"BayesSpace"
"197","sim22",0.497004793524262,"SpaGCN"
"198","sim22",0.981770478711568,"STAGATE"
"199","sim23",0.619893017966657,"scSpace"
"200","sim23",0.407262425416445,"louvain"
"201","sim23",0.396242519177963,"kmeans"
"202","sim23",0.597148584328139,"hclust"
"203","sim23",0.5423343113079,"scCoGAPS"
"204","sim23",0.868123527870385,"DR.SC"
"205","sim23",0.492658247401978,"BayesSpace"
"206","sim23",0.168670932637777,"SpaGCN"
"207","sim23",0.605170807060177,"STAGATE"
"208","sim24",0.876809639783962,"scSpace"
"209","sim24",0.87949130092481,"louvain"
"210","sim24",0.814943195869538,"kmeans"
"211","sim24",0.869580148465474,"hclust"
"212","sim24",0.700722973791808,"scCoGAPS"
"213","sim24",0.880479222759322,"DR.SC"
"214","sim24",0.823900067620821,"BayesSpace"
"215","sim24",0.698556034541647,"SpaGCN"
"216","sim24",0.982722708322388,"STAGATE"
"217","sim25",0.932577991327103,"scSpace"
"218","sim25",0.690152498299592,"louvain"
"219","sim25",0.853790265607645,"kmeans"
"220","sim25",0.646682572761444,"hclust"
"221","sim25",0.710054085169303,"scCoGAPS"
"222","sim25",0.881044156666461,"DR.SC"
"223","sim25",0.747625131217505,"BayesSpace"
"224","sim25",0.494306494907008,"SpaGCN"
"225","sim25",0.929294326525998,"STAGATE"
"226","sim26",0.884516299506762,"scSpace"
"227","sim26",0.844634805443932,"louvain"
"228","sim26",0.54124596388431,"kmeans"
"229","sim26",0.293363222058941,"hclust"
"230","sim26",0.583550701788311,"scCoGAPS"
"231","sim26",0.880043752460651,"DR.SC"
"232","sim26",0.786231374210638,"BayesSpace"
"233","sim26",0.628322400938349,"SpaGCN"
"234","sim26",0.884431557979911,"STAGATE"
"235","sim27",0.992023706661438,"scSpace"
"236","sim27",0.777824328962695,"louvain"
"237","sim27",0.977017920893297,"kmeans"
"238","sim27",0.620829577170046,"hclust"
"239","sim27",0.913011325189622,"scCoGAPS"
"240","sim27",0.908022105779721,"DR.SC"
"241","sim27",0.898735881831708,"BayesSpace"
"242","sim27",0.856260289249371,"SpaGCN"
"243","sim27",0.986575724066828,"STAGATE"
"244","sim28",0.869142611133003,"scSpace"
"245","sim28",0.81042243855677,"louvain"
"246","sim28",0.709864477093345,"kmeans"
"247","sim28",0.301730172512362,"hclust"
"248","sim28",0.563424039624769,"scCoGAPS"
"249","sim28",0.79514575502876,"DR.SC"
"250","sim28",0.743403078411843,"BayesSpace"
"251","sim28",0.537133075643782,"SpaGCN"
"252","sim28",0.834859570841058,"STAGATE"
"253","sim29",0.565847287250744,"scSpace"
"254","sim29",0.831258493346273,"louvain"
"255","sim29",0.765428361822335,"kmeans"
"256","sim29",0.331963552616946,"hclust"
"257","sim29",0.567080932262135,"scCoGAPS"
"258","sim29",0.559762750703239,"DR.SC"
"259","sim29",0.731967365471568,"BayesSpace"
"260","sim29",0.57484845530584,"SpaGCN"
"261","sim29",0.923852745612805,"STAGATE"
"262","sim30",0.978132641696205,"scSpace"
"263","sim30",0.835578659674579,"louvain"
"264","sim30",0.743495024799591,"kmeans"
"265","sim30",0.566794900975791,"hclust"
"266","sim30",0.683435201251393,"scCoGAPS"
"267","sim30",0.590319744592253,"DR.SC"
"268","sim30",0.73683824695775,"BayesSpace"
"269","sim30",0.508962936079138,"SpaGCN"
"270","sim30",0.91624598820781,"STAGATE"
"271","sim31",0.990438974475951,"scSpace"
"272","sim31",0.524147351497146,"louvain"
"273","sim31",0.485160219685264,"kmeans"
"274","sim31",-0.00252155626425399,"hclust"
"275","sim31",0.476315575139432,"scCoGAPS"
"276","sim31",0.893329267717125,"DR.SC"
"277","sim31",0.462852203745631,"BayesSpace"
"278","sim31",0.443962771105173,"SpaGCN"
"279","sim31",0.98910573600104,"STAGATE"
"280","sim32",0.926238788343534,"scSpace"
"281","sim32",0.285377534144155,"louvain"
"282","sim32",0.480051184468579,"kmeans"
"283","sim32",-0.0039527059759919,"hclust"
"284","sim32",0.340354208954846,"scCoGAPS"
"285","sim32",0.773246681573946,"DR.SC"
"286","sim32",0.263801471203125,"BayesSpace"
"287","sim32",0.245137701456595,"SpaGCN"
"288","sim32",0.895514317485746,"STAGATE"
"289","sim33",0.56469866075372,"scSpace"
"290","sim33",0.279816496639101,"louvain"
"291","sim33",0.226806111004008,"kmeans"
"292","sim33",0.00053425385800365,"hclust"
"293","sim33",0.425100182269378,"scCoGAPS"
"294","sim33",0.68129585795819,"DR.SC"
"295","sim33",0.436937509198948,"BayesSpace"
"296","sim33",0.273040046219901,"SpaGCN"
"297","sim33",0.428976669637946,"STAGATE"
"298","sim34",0.930246383331041,"scSpace"
"299","sim34",0.808485911792057,"louvain"
"300","sim34",0.688364752781277,"kmeans"
"301","sim34",0.00223080234088981,"hclust"
"302","sim34",0.810783087533709,"scCoGAPS"
"303","sim34",0.873622477620906,"DR.SC"
"304","sim34",0.685199698044495,"BayesSpace"
"305","sim34",0.686082673505254,"SpaGCN"
"306","sim34",0.947184235040723,"STAGATE"
"307","sim35",0.862546919993551,"scSpace"
"308","sim35",0.779131129421332,"louvain"
"309","sim35",0.433684010296108,"kmeans"
"310","sim35",0.606944339996964,"hclust"
"311","sim35",0.683745339438514,"scCoGAPS"
"312","sim35",0.702206036150834,"DR.SC"
"313","sim35",0.806655614001005,"BayesSpace"
"314","sim35",0.556369983515505,"SpaGCN"
"315","sim35",0.669459726564604,"STAGATE"
"316","sim36",0.830810063120076,"scSpace"
"317","sim36",0.685471348774378,"louvain"
"318","sim36",0.691170345444387,"kmeans"
"319","sim36",0.341845692442572,"hclust"
"320","sim36",0.629834997438319,"scCoGAPS"
"321","sim36",0.612432511980412,"DR.SC"
"322","sim36",0.640169605316911,"BayesSpace"
"323","sim36",0.593735256899828,"SpaGCN"
"324","sim36",0.464468875707216,"STAGATE"
"325","sim37",0.964726155445317,"scSpace"
"326","sim37",0.951307309484635,"louvain"
"327","sim37",0.765576848698741,"kmeans"
"328","sim37",0.544145202117426,"hclust"
"329","sim37",0.837428615258004,"scCoGAPS"
"330","sim37",0.843419013168982,"DR.SC"
"331","sim37",0.8845211049214,"BayesSpace"
"332","sim37",0.756112598913216,"SpaGCN"
"333","sim37",0.849128009615852,"STAGATE"
"334","sim38",0.947412102896131,"scSpace"
"335","sim38",0.9473815827537,"louvain"
"336","sim38",0.711253242714703,"kmeans"
"337","sim38",0.416724703820288,"hclust"
"338","sim38",0.584017641665397,"scCoGAPS"
"339","sim38",0.791597505489441,"DR.SC"
"340","sim38",0.846196473054867,"BayesSpace"
"341","sim38",0.589472846154371,"SpaGCN"
"342","sim38",0.685097923391931,"STAGATE"
"343","sim39",0.949353624584967,"scSpace"
"344","sim39",0.690765369934702,"louvain"
"345","sim39",0.773788938399784,"kmeans"
"346","sim39",0.420529948962199,"hclust"
"347","sim39",0.627724683412265,"scCoGAPS"
"348","sim39",0.741319693713659,"DR.SC"
"349","sim39",0.660374616191972,"BayesSpace"
"350","sim39",0.617662242485438,"SpaGCN"
"351","sim39",0.744934207885179,"STAGATE"
"352","sim40",0.837804448196286,"scSpace"
"353","sim40",0.826933292089364,"louvain"
"354","sim40",0.778389189096974,"kmeans"
"355","sim40",0.131291967224813,"hclust"
"356","sim40",0.631245604332687,"scCoGAPS"
"357","sim40",0.520843531262191,"DR.SC"
"358","sim40",0.743275667325957,"BayesSpace"
"359","sim40",0.692802616459676,"SpaGCN"
"360","sim40",0.572492220817988,"STAGATE"
"361","sim41",0.998766618483255,"scSpace"
"362","sim41",0.439278149875104,"louvain"
"363","sim41",0.989456961418514,"kmeans"
"364","sim41",-0.00153931050492115,"hclust"
"365","sim41",0.411357621102526,"scCoGAPS"
"366","sim41",0.939958498533834,"DR.SC"
"367","sim41",0.388079867473812,"BayesSpace"
"368","sim41",0.390038765348552,"SpaGCN"
"369","sim41",0.998766454069576,"STAGATE"
"370","sim42",0.956586245411607,"scSpace"
"371","sim42",0.895698533641957,"louvain"
"372","sim42",0.5192846368241,"kmeans"
"373","sim42",0.683467056248192,"hclust"
"374","sim42",0.707735265991512,"scCoGAPS"
"375","sim42",0.703447535916027,"DR.SC"
"376","sim42",0.851082594636541,"BayesSpace"
"377","sim42",0.427089420199857,"SpaGCN"
"378","sim42",0.800456428991085,"STAGATE"
"379","sim43",0.617457676797004,"scSpace"
"380","sim43",0.568557488460487,"louvain"
"381","sim43",0.57372812660938,"kmeans"
"382","sim43",0.546290136325994,"hclust"
"383","sim43",0.271394201583149,"scCoGAPS"
"384","sim43",0.663071111324744,"DR.SC"
"385","sim43",0.515382190245035,"BayesSpace"
"386","sim43",0.431381255506408,"SpaGCN"
"387","sim43",0.893794491200209,"STAGATE"
"388","sim44",0.976399067357113,"scSpace"
"389","sim44",0.88012900381392,"louvain"
"390","sim44",0.908720610351793,"kmeans"
"391","sim44",0.80048344719601,"hclust"
"392","sim44",0.636919048694599,"scCoGAPS"
"393","sim44",0.835914567670263,"DR.SC"
"394","sim44",0.627229286623572,"BayesSpace"
"395","sim44",0.626214521731527,"SpaGCN"
"396","sim44",0.978750679491024,"STAGATE"
"397","sim45",0.920697378074114,"scSpace"
"398","sim45",0.672369225949273,"louvain"
"399","sim45",0.403441405993529,"kmeans"
"400","sim45",0.645252968374861,"hclust"
"401","sim45",0.68049260355065,"scCoGAPS"
"402","sim45",0.709423898558385,"DR.SC"
"403","sim45",0.649769347542777,"BayesSpace"
"404","sim45",0.548274501027337,"SpaGCN"
"405","sim45",0.874105883990174,"STAGATE"
"406","sim46",0.904885748344923,"scSpace"
"407","sim46",0.765401975672791,"louvain"
"408","sim46",0.796008843054775,"kmeans"
"409","sim46",0.585264914377032,"hclust"
"410","sim46",0.508527327475518,"scCoGAPS"
"411","sim46",0.611537732801459,"DR.SC"
"412","sim46",0.620287608552214,"BayesSpace"
"413","sim46",0.542162462293758,"SpaGCN"
"414","sim46",0.818688782591736,"STAGATE"
"415","sim47",0.997723401879402,"scSpace"
"416","sim47",0.848967836732022,"louvain"
"417","sim47",0.96456097679465,"kmeans"
"418","sim47",0.501585383750666,"hclust"
"419","sim47",0.96405262952986,"scCoGAPS"
"420","sim47",0.710953534632341,"DR.SC"
"421","sim47",0.820846792063878,"BayesSpace"
"422","sim47",0.860528991644456,"SpaGCN"
"423","sim47",0.624959301715219,"STAGATE"
"424","sim48",0.886061421959552,"scSpace"
"425","sim48",0.700444625170037,"louvain"
"426","sim48",0.555903043826553,"kmeans"
"427","sim48",0.447263945508538,"hclust"
"428","sim48",0.722323244690497,"scCoGAPS"
"429","sim48",0.619596902746023,"DR.SC"
"430","sim48",0.730663486073391,"BayesSpace"
"431","sim48",0.544156796596267,"SpaGCN"
"432","sim48",0.716796213092803,"STAGATE"
"433","sim49",0.922625938547973,"scSpace"
"434","sim49",0.738918534130826,"louvain"
"435","sim49",0.752547431048779,"kmeans"
"436","sim49",0.617828720562889,"hclust"
"437","sim49",0.607242990516025,"scCoGAPS"
"438","sim49",0.762697025943316,"DR.SC"
"439","sim49",0.699094030602242,"BayesSpace"
"440","sim49",0.691607133892817,"SpaGCN"
"441","sim49",0.865773662086486,"STAGATE"
"442","sim50",0.850327190032294,"scSpace"
"443","sim50",0.671199286810225,"louvain"
"444","sim50",0.509087063886053,"kmeans"
"445","sim50",0.496639368201091,"hclust"
"446","sim50",0.630119387189266,"scCoGAPS"
"447","sim50",0.665913373483544,"DR.SC"
"448","sim50",0.60730304007477,"BayesSpace"
"449","sim50",0.581346483992783,"SpaGCN"
"450","sim50",0.752217267727626,"STAGATE"
"451","sim51",0.914446401365421,"scSpace"
"452","sim51",0.57436772930112,"louvain"
"453","sim51",0.618036823102358,"kmeans"
"454","sim51",0.0964796888316792,"hclust"
"455","sim51",0.0908071154996287,"scCoGAPS"
"456","sim51",0.111254006827338,"DR.SC"
"457","sim51",0.416454059113631,"BayesSpace"
"458","sim51",0.126466002461737,"SpaGCN"
"459","sim51",0.796398174631944,"STAGATE"
"460","sim52",0.678865656232695,"scSpace"
"461","sim52",0.393001491942705,"louvain"
"462","sim52",0.392302083427475,"kmeans"
"463","sim52",0.282277685745968,"hclust"
"464","sim52",0.317964417862201,"scCoGAPS"
"465","sim52",0.332880288999749,"DR.SC"
"466","sim52",0.365377858666732,"BayesSpace"
"467","sim52",0.247517098795114,"SpaGCN"
"468","sim52",0.485360735496176,"STAGATE"
"469","sim53",0.706418319255322,"scSpace"
"470","sim53",0.539452248456795,"louvain"
"471","sim53",0.54134510376159,"kmeans"
"472","sim53",0.446914309344467,"hclust"
"473","sim53",0.314092555320846,"scCoGAPS"
"474","sim53",0.532756440622301,"DR.SC"
"475","sim53",0.567503685775007,"BayesSpace"
"476","sim53",0.504478075494433,"SpaGCN"
"477","sim53",0.472689230271845,"STAGATE"
"478","sim54",0.812864856035647,"scSpace"
"479","sim54",0.563979124675898,"louvain"
"480","sim54",0.570783077524626,"kmeans"
"481","sim54",0.0976813701392351,"hclust"
"482","sim54",0.0940164533338272,"scCoGAPS"
"483","sim54",0.167306589009212,"DR.SC"
"484","sim54",0.398873508869411,"BayesSpace"
"485","sim54",0.130057533619934,"SpaGCN"
"486","sim54",0.238295406477184,"STAGATE"
"487","sim55",0.690908526214985,"scSpace"
"488","sim55",0.362715865941724,"louvain"
"489","sim55",0.313367571722287,"kmeans"
"490","sim55",0.186876880499484,"hclust"
"491","sim55",0.293032183913821,"scCoGAPS"
"492","sim55",0.371445671416538,"DR.SC"
"493","sim55",0.322793251877937,"BayesSpace"
"494","sim55",0.306152742647448,"SpaGCN"
"495","sim55",0.35410272649934,"STAGATE"
"496","sim56",0.836804416339878,"scSpace"
"497","sim56",0.630597252131286,"louvain"
"498","sim56",0.586960438093137,"kmeans"
"499","sim56",0.346785832406831,"hclust"
"500","sim56",0.491012670630961,"scCoGAPS"
"501","sim56",0.625748041844158,"DR.SC"
"502","sim56",0.567294678492868,"BayesSpace"
"503","sim56",0.483022734525013,"SpaGCN"
"504","sim56",0.406373993799415,"STAGATE"
"505","sim57",0.872452127489534,"scSpace"
"506","sim57",0.711437496229743,"louvain"
"507","sim57",0.639017454997764,"kmeans"
"508","sim57",0.0909744874042387,"hclust"
"509","sim57",0.439809597509659,"scCoGAPS"
"510","sim57",0.196370145105546,"DR.SC"
"511","sim57",0.595349051548719,"BayesSpace"
"512","sim57",0.441128607578678,"SpaGCN"
"513","sim57",0.645010846773056,"STAGATE"
"514","sim58",0.809613551320085,"scSpace"
"515","sim58",0.73488659996619,"louvain"
"516","sim58",0.707790525433583,"kmeans"
"517","sim58",0.288684423553129,"hclust"
"518","sim58",0.289990247142915,"scCoGAPS"
"519","sim58",0.566934341836775,"DR.SC"
"520","sim58",0.701681761487637,"BayesSpace"
"521","sim58",0.447697946152591,"SpaGCN"
"522","sim58",0.555594625234148,"STAGATE"
"523","sim59",0.837407909972871,"scSpace"
"524","sim59",0.750570411568502,"louvain"
"525","sim59",0.682804849959104,"kmeans"
"526","sim59",0.427216317376462,"hclust"
"527","sim59",0.331837689190665,"scCoGAPS"
"528","sim59",0.628143813442092,"DR.SC"
"529","sim59",0.744320786913669,"BayesSpace"
"530","sim59",0.530914016284995,"SpaGCN"
"531","sim59",0.732954752451859,"STAGATE"
"532","sim60",0.804946392729417,"scSpace"
"533","sim60",0.535921405937021,"louvain"
"534","sim60",0.638169157269615,"kmeans"
"535","sim60",0.0945046460785394,"hclust"
"536","sim60",0.0964443741221754,"scCoGAPS"
"537","sim60",0.257943237517809,"DR.SC"
"538","sim60",0.33714468248704,"BayesSpace"
"539","sim60",0.11874876609847,"SpaGCN"
"540","sim60",0.569257654502559,"STAGATE"
"541","sim61",0.964863563478795,"scSpace"
"542","sim61",0.817005321765822,"louvain"
"543","sim61",0.826144451238935,"kmeans"
"544","sim61",0.285188095924272,"hclust"
"545","sim61",0.598082855806267,"scCoGAPS"
"546","sim61",0.497476412788116,"DR.SC"
"547","sim61",0.617738752149144,"BayesSpace"
"548","sim61",0.308180862941727,"SpaGCN"
"549","sim61",0.750762152356369,"STAGATE"
"550","sim62",0.806532792580127,"scSpace"
"551","sim62",0.63711424370594,"louvain"
"552","sim62",0.637871537047979,"kmeans"
"553","sim62",0.432001338609419,"hclust"
"554","sim62",0.485773006707316,"scCoGAPS"
"555","sim62",0.51598843841794,"DR.SC"
"556","sim62",0.553790224883492,"BayesSpace"
"557","sim62",0.517572063179163,"SpaGCN"
"558","sim62",0.551263241765599,"STAGATE"
"559","sim63",0.712446147398525,"scSpace"
"560","sim63",0.475351945960097,"louvain"
"561","sim63",0.379237939728314,"kmeans"
"562","sim63",0.0824339666486032,"hclust"
"563","sim63",0.0767377137863586,"scCoGAPS"
"564","sim63",0.332677338210876,"DR.SC"
"565","sim63",0.163843946075517,"BayesSpace"
"566","sim63",0.0164646480242222,"SpaGCN"
"567","sim63",0.626387302041156,"STAGATE"
"568","sim64",0.767061920502516,"scSpace"
"569","sim64",0.697524792181911,"louvain"
"570","sim64",0.727773984912687,"kmeans"
"571","sim64",0.289507307631852,"hclust"
"572","sim64",0.490051865878241,"scCoGAPS"
"573","sim64",0.476420830236434,"DR.SC"
"574","sim64",0.540326795265668,"BayesSpace"
"575","sim64",0.384664612461694,"SpaGCN"
"576","sim64",0.453665883916391,"STAGATE"
"577","sim65",0.926751483865007,"scSpace"
"578","sim65",0.830062326002787,"louvain"
"579","sim65",0.848872350051967,"kmeans"
"580","sim65",0.428828565023569,"hclust"
"581","sim65",0.360474907572768,"scCoGAPS"
"582","sim65",0.490141433295563,"DR.SC"
"583","sim65",0.750114448024661,"BayesSpace"
"584","sim65",0.462695268038493,"SpaGCN"
"585","sim65",0.814503293020767,"STAGATE"
"586","sim66",0.753663157639123,"scSpace"
"587","sim66",0.374442683949981,"louvain"
"588","sim66",0.298121520862412,"kmeans"
"589","sim66",0.0618431488979403,"hclust"
"590","sim66",0.0600750094318509,"scCoGAPS"
"591","sim66",0.147322792925574,"DR.SC"
"592","sim66",0.158347992905794,"BayesSpace"
"593","sim66",0.0743065355556768,"SpaGCN"
"594","sim66",0.350504376373422,"STAGATE"
"595","sim67",0.613058837333726,"scSpace"
"596","sim67",0.300612713493704,"louvain"
"597","sim67",0.278361548645589,"kmeans"
"598","sim67",0.214340401341813,"hclust"
"599","sim67",0.244526126117892,"scCoGAPS"
"600","sim67",0.263803759138448,"DR.SC"
"601","sim67",0.260036012686793,"BayesSpace"
"602","sim67",0.248372253784916,"SpaGCN"
"603","sim67",0.434138509625613,"STAGATE"
"604","sim68",0.672136760272397,"scSpace"
"605","sim68",0.489618679542133,"louvain"
"606","sim68",0.497853793180971,"kmeans"
"607","sim68",0.299162118158648,"hclust"
"608","sim68",0.460742334655947,"scCoGAPS"
"609","sim68",0.49321835628643,"DR.SC"
"610","sim68",0.39437358677951,"BayesSpace"
"611","sim68",0.372652459458521,"SpaGCN"
"612","sim68",0.4722866873569,"STAGATE"
"613","sim69",0.632634366188079,"scSpace"
"614","sim69",0.298319985028457,"louvain"
"615","sim69",0.216774606980765,"kmeans"
"616","sim69",0.0708594956362745,"hclust"
"617","sim69",0.0622633126679853,"scCoGAPS"
"618","sim69",0.198633218466099,"DR.SC"
"619","sim69",0.161629406828038,"BayesSpace"
"620","sim69",0.128589460846769,"SpaGCN"
"621","sim69",0.197179853021941,"STAGATE"
"622","sim70",0.602297299502873,"scSpace"
"623","sim70",0.370191414086415,"louvain"
"624","sim70",0.372447809511068,"kmeans"
"625","sim70",0.227480032272022,"hclust"
"626","sim70",0.261287999593714,"scCoGAPS"
"627","sim70",0.299352468114842,"DR.SC"
"628","sim70",0.291959000165916,"BayesSpace"
"629","sim70",0.282084001469033,"SpaGCN"
"630","sim70",0.183347770756547,"STAGATE"
"631","sim71",0.803183152651873,"scSpace"
"632","sim71",0.648084141839806,"louvain"
"633","sim71",0.444385272671057,"kmeans"
"634","sim71",0.273497679273944,"hclust"
"635","sim71",0.346593579463811,"scCoGAPS"
"636","sim71",0.46791992761108,"DR.SC"
"637","sim71",0.458276873360366,"BayesSpace"
"638","sim71",0.436336613886884,"SpaGCN"
"639","sim71",0.351894680353672,"STAGATE"
"640","sim72",0.754316176311315,"scSpace"
"641","sim72",0.672889529218304,"louvain"
"642","sim72",0.603622863134279,"kmeans"
"643","sim72",0.0615751394402692,"hclust"
"644","sim72",0.335213193269089,"scCoGAPS"
"645","sim72",0.0936443010062964,"DR.SC"
"646","sim72",0.545367873066215,"BayesSpace"
"647","sim72",0.281420567751841,"SpaGCN"
"648","sim72",0.53823824865964,"STAGATE"
"649","sim73",0.79245266119069,"scSpace"
"650","sim73",0.634003644816775,"louvain"
"651","sim73",0.637220465911418,"kmeans"
"652","sim73",0.191380091757753,"hclust"
"653","sim73",0.221175541074764,"scCoGAPS"
"654","sim73",0.234934816514433,"DR.SC"
"655","sim73",0.630565082811776,"BayesSpace"
"656","sim73",0.444888148260694,"SpaGCN"
"657","sim73",0.673274986798928,"STAGATE"
"658","sim74",0.724221143553865,"scSpace"
"659","sim74",0.690851902182546,"louvain"
"660","sim74",0.649157325954257,"kmeans"
"661","sim74",0.355006496468119,"hclust"
"662","sim74",0.594500157773987,"scCoGAPS"
"663","sim74",0.509605423692186,"DR.SC"
"664","sim74",0.639585303828825,"BayesSpace"
"665","sim74",0.574687498394586,"SpaGCN"
"666","sim74",0.522825459120568,"STAGATE"
"667","sim75",0.678041607000183,"scSpace"
"668","sim75",0.495046240389345,"louvain"
"669","sim75",0.481358308364053,"kmeans"
"670","sim75",0.0597263361019455,"hclust"
"671","sim75",0.0581497210984316,"scCoGAPS"
"672","sim75",0.246648736772907,"DR.SC"
"673","sim75",0.20876118060863,"BayesSpace"
"674","sim75",0.0895528066036909,"SpaGCN"
"675","sim75",0.400146053820942,"STAGATE"
"676","sim76",0.835119597366013,"scSpace"
"677","sim76",0.596390571152568,"louvain"
"678","sim76",0.67388569266375,"kmeans"
"679","sim76",0.204422850392942,"hclust"
"680","sim76",0.229390653281275,"scCoGAPS"
"681","sim76",0.271753193012113,"DR.SC"
"682","sim76",0.427060832328667,"BayesSpace"
"683","sim76",0.279878143201436,"SpaGCN"
"684","sim76",0.596404158145469,"STAGATE"
"685","sim77",0.738459748494246,"scSpace"
"686","sim77",0.6287821868871,"louvain"
"687","sim77",0.609994545521436,"kmeans"
"688","sim77",0.354812562759168,"hclust"
"689","sim77",0.297625911544567,"scCoGAPS"
"690","sim77",0.395112316728465,"DR.SC"
"691","sim77",0.441669714941371,"BayesSpace"
"692","sim77",0.399967568780025,"SpaGCN"
"693","sim77",0.386209175571589,"STAGATE"
"694","sim78",0.606577543487457,"scSpace"
"695","sim78",0.273960992993827,"louvain"
"696","sim78",0.312913097238057,"kmeans"
"697","sim78",0.0615070261561335,"hclust"
"698","sim78",0.0580760169119188,"scCoGAPS"
"699","sim78",0.0596293741485567,"DR.SC"
"700","sim78",0.0540579428826001,"BayesSpace"
"701","sim78",0.0572743416784746,"SpaGCN"
"702","sim78",0.458466573042295,"STAGATE"
"703","sim79",0.755210238645969,"scSpace"
"704","sim79",0.748965270776843,"louvain"
"705","sim79",0.724006385249997,"kmeans"
"706","sim79",0.190463238775781,"hclust"
"707","sim79",0.458350092291213,"scCoGAPS"
"708","sim79",0.216764913932111,"DR.SC"
"709","sim79",0.596258051100032,"BayesSpace"
"710","sim79",0.410286573598747,"SpaGCN"
"711","sim79",0.529750389288009,"STAGATE"
"712","sim80",0.880375924541827,"scSpace"
"713","sim80",0.728505716648003,"louvain"
"714","sim80",0.746602877574142,"kmeans"
"715","sim80",0.349544552334579,"hclust"
"716","sim80",0.535790171384985,"scCoGAPS"
"717","sim80",0.376149449878652,"DR.SC"
"718","sim80",0.591052752346612,"BayesSpace"
"719","sim80",0.422573428070803,"SpaGCN"
"720","sim80",0.73480524270012,"STAGATE"
"721","sim81",0.603389155830482,"scSpace"
"722","sim81",0.232089449899865,"louvain"
"723","sim81",0.26418020062083,"kmeans"
"724","sim81",-9.68360377408703e-07,"hclust"
"725","sim81",0.0455972768855655,"scCoGAPS"
"726","sim81",0.0503784868572439,"DR.SC"
"727","sim81",0.101529986277808,"BayesSpace"
"728","sim81",0.0464579288453846,"SpaGCN"
"729","sim81",0.287730022521299,"STAGATE"
"730","sim82",0.440929672665463,"scSpace"
"731","sim82",0.27929536650803,"louvain"
"732","sim82",0.236219265251086,"kmeans"
"733","sim82",0.155251122622572,"hclust"
"734","sim82",0.205380027183359,"scCoGAPS"
"735","sim82",0.287127791944012,"DR.SC"
"736","sim82",0.239288666704588,"BayesSpace"
"737","sim82",0.217575248905695,"SpaGCN"
"738","sim82",0.300747546883093,"STAGATE"
"739","sim83",0.487078735403821,"scSpace"
"740","sim83",0.378677979363661,"louvain"
"741","sim83",0.377813309209498,"kmeans"
"742","sim83",0.252621357361434,"hclust"
"743","sim83",0.342022997482892,"scCoGAPS"
"744","sim83",0.36237885379786,"DR.SC"
"745","sim83",0.3660811620592,"BayesSpace"
"746","sim83",0.31245375505745,"SpaGCN"
"747","sim83",0.211427756436913,"STAGATE"
"748","sim84",0.717762777887417,"scSpace"
"749","sim84",0.395507493355613,"louvain"
"750","sim84",0.301095845329009,"kmeans"
"751","sim84",0.0599650025978292,"hclust"
"752","sim84",0.0538932213716012,"scCoGAPS"
"753","sim84",0.304063259875924,"DR.SC"
"754","sim84",0.116416889987983,"BayesSpace"
"755","sim84",0.0827510252979609,"SpaGCN"
"756","sim84",0.0556552396899944,"STAGATE"
"757","sim85",0.551814560144957,"scSpace"
"758","sim85",0.308478097029792,"louvain"
"759","sim85",0.263953821122594,"kmeans"
"760","sim85",0.149224521875432,"hclust"
"761","sim85",0.207059755643305,"scCoGAPS"
"762","sim85",0.202877943916426,"DR.SC"
"763","sim85",0.211541566629883,"BayesSpace"
"764","sim85",0.203228438487403,"SpaGCN"
"765","sim85",0.0716852200400022,"STAGATE"
"766","sim86",0.554339758375764,"scSpace"
"767","sim86",0.464826750944757,"louvain"
"768","sim86",0.384155496427451,"kmeans"
"769","sim86",0.151057544638853,"hclust"
"770","sim86",0.344122470852231,"scCoGAPS"
"771","sim86",0.316419779412999,"DR.SC"
"772","sim86",0.382323434785137,"BayesSpace"
"773","sim86",0.338850553111747,"SpaGCN"
"774","sim86",0.225693443699156,"STAGATE"
"775","sim87",0.774662021679248,"scSpace"
"776","sim87",0.621659931366653,"louvain"
"777","sim87",0.659011452919141,"kmeans"
"778","sim87",0.0430602760785778,"hclust"
"779","sim87",0.319625058668233,"scCoGAPS"
"780","sim87",0.158865254782945,"DR.SC"
"781","sim87",0.557028854861351,"BayesSpace"
"782","sim87",0.332990770694127,"SpaGCN"
"783","sim87",0.536544683941117,"STAGATE"
"784","sim88",0.741833127610949,"scSpace"
"785","sim88",0.681243035234725,"louvain"
"786","sim88",0.585607803527399,"kmeans"
"787","sim88",0.168122733277649,"hclust"
"788","sim88",0.190297033045663,"scCoGAPS"
"789","sim88",0.173074555532335,"DR.SC"
"790","sim88",0.542193818430168,"BayesSpace"
"791","sim88",0.357398346976948,"SpaGCN"
"792","sim88",0.427891252369354,"STAGATE"
"793","sim89",0.689866357770396,"scSpace"
"794","sim89",0.594437418200343,"louvain"
"795","sim89",0.603726602190934,"kmeans"
"796","sim89",0.25540136641597,"hclust"
"797","sim89",0.205660632930643,"scCoGAPS"
"798","sim89",0.495488124586724,"DR.SC"
"799","sim89",0.546850449546666,"BayesSpace"
"800","sim89",0.411852794314874,"SpaGCN"
"801","sim89",0.386162433782147,"STAGATE"
"802","sim90",0.571398949298461,"scSpace"
"803","sim90",0.277765388705043,"louvain"
"804","sim90",0.212466503376847,"kmeans"
"805","sim90",0.0447152930565265,"hclust"
"806","sim90",0.0446076569956658,"scCoGAPS"
"807","sim90",0.0660211760610449,"DR.SC"
"808","sim90",0.0525432426239163,"BayesSpace"
"809","sim90",0.0675805881008189,"SpaGCN"
"810","sim90",0.31681196923403,"STAGATE"
"811","sim91",0.805973058078959,"scSpace"
"812","sim91",0.649669526865458,"louvain"
"813","sim91",0.776280827846346,"kmeans"
"814","sim91",0.168315732235308,"hclust"
"815","sim91",0.427922131382082,"scCoGAPS"
"816","sim91",0.241721502408047,"DR.SC"
"817","sim91",0.419867685230909,"BayesSpace"
"818","sim91",0.223255338262665,"SpaGCN"
"819","sim91",0.381067777344417,"STAGATE"
"820","sim92",0.672742406333703,"scSpace"
"821","sim92",0.52051351809361,"louvain"
"822","sim92",0.447445018547178,"kmeans"
"823","sim92",0.290918089044327,"hclust"
"824","sim92",0.205870836395501,"scCoGAPS"
"825","sim92",0.356441604149054,"DR.SC"
"826","sim92",0.397208149748886,"BayesSpace"
"827","sim92",0.337130750033732,"SpaGCN"
"828","sim92",0.253069169233304,"STAGATE"
"829","sim93",0.372219047596333,"scSpace"
"830","sim93",0.163870955002739,"louvain"
"831","sim93",0.155367830088005,"kmeans"
"832","sim93",0.041676166521735,"hclust"
"833","sim93",0.0357127974751517,"scCoGAPS"
"834","sim93",0.0497926128341948,"DR.SC"
"835","sim93",0.0421074814227196,"BayesSpace"
"836","sim93",0.0370535590004381,"SpaGCN"
"837","sim93",0.221260801290725,"STAGATE"
"838","sim94",0.615242223968305,"scSpace"
"839","sim94",0.699715409360587,"louvain"
"840","sim94",0.626404721297022,"kmeans"
"841","sim94",0.177227867087939,"hclust"
"842","sim94",0.285159654889908,"scCoGAPS"
"843","sim94",0.216073694084868,"DR.SC"
"844","sim94",0.444046331211014,"BayesSpace"
"845","sim94",0.225963821957429,"SpaGCN"
"846","sim94",0.21618287551209,"STAGATE"
"847","sim95",0.698425618180036,"scSpace"
"848","sim95",0.629954467870711,"louvain"
"849","sim95",0.624637798183818,"kmeans"
"850","sim95",0.29362221171988,"hclust"
"851","sim95",0.428845103759904,"scCoGAPS"
"852","sim95",0.485765081616803,"DR.SC"
"853","sim95",0.45947794828775,"BayesSpace"
"854","sim95",0.289914276654406,"SpaGCN"
"855","sim95",0.351361014118153,"STAGATE"
"856","sim96",0.615957658013699,"scSpace"
"857","sim96",0.112966761744591,"louvain"
"858","sim96",0.0935264165922255,"kmeans"
"859","sim96",0.0357052645020168,"hclust"
"860","sim96",0.0388613986051703,"scCoGAPS"
"861","sim96",0.0620808246705923,"DR.SC"
"862","sim96",0.0724721047378368,"BayesSpace"
"863","sim96",0.04967303960869,"SpaGCN"
"864","sim96",0.340654314671576,"STAGATE"
"865","sim97",0.466231383027342,"scSpace"
"866","sim97",0.217519215018839,"louvain"
"867","sim97",0.22394069478865,"kmeans"
"868","sim97",0.118836645749624,"hclust"
"869","sim97",0.183943893181473,"scCoGAPS"
"870","sim97",0.175225445346606,"DR.SC"
"871","sim97",0.214458370255707,"BayesSpace"
"872","sim97",0.177680788962649,"SpaGCN"
"873","sim97",0.263925734081667,"STAGATE"
"874","sim98",0.427369580123189,"scSpace"
"875","sim98",0.3616348441064,"louvain"
"876","sim98",0.362020095541328,"kmeans"
"877","sim98",0.174212352332669,"hclust"
"878","sim98",0.358396543114568,"scCoGAPS"
"879","sim98",0.31123602634006,"DR.SC"
"880","sim98",0.352174286513034,"BayesSpace"
"881","sim98",0.273091758691111,"SpaGCN"
"882","sim98",0.123980531561576,"STAGATE"
"883","sim99",0.425292686044178,"scSpace"
"884","sim99",0.244595890994995,"louvain"
"885","sim99",0.0850247238413109,"kmeans"
"886","sim99",0.0431908487059211,"hclust"
"887","sim99",0.0469851763068351,"scCoGAPS"
"888","sim99",0.198645809338656,"DR.SC"
"889","sim99",0.101185561860152,"BayesSpace"
"890","sim99",0.0440508058501133,"SpaGCN"
"891","sim99",0.0459832702579763,"STAGATE"
"892","sim100",0.464877668596769,"scSpace"
"893","sim100",0.213666190892947,"louvain"
"894","sim100",0.171430321318548,"kmeans"
"895","sim100",0.0433413493862217,"hclust"
"896","sim100",0.162644979592007,"scCoGAPS"
"897","sim100",0.19128658787967,"DR.SC"
"898","sim100",0.180861268676536,"BayesSpace"
"899","sim100",0.172489761579856,"SpaGCN"
"900","sim100",0.109160722493223,"STAGATE"
"901","sim101",0.537561318019076,"scSpace"
"902","sim101",0.421328894931064,"louvain"
"903","sim101",0.2455540594025,"kmeans"
"904","sim101",0.196205120753711,"hclust"
"905","sim101",0.352944896762913,"scCoGAPS"
"906","sim101",0.352289397707863,"DR.SC"
"907","sim101",0.347281428642704,"BayesSpace"
"908","sim101",0.34252774010074,"SpaGCN"
"909","sim101",0.196041891151587,"STAGATE"
"910","sim102",0.725158941659782,"scSpace"
"911","sim102",0.62674740296054,"louvain"
"912","sim102",0.584430120019785,"kmeans"
"913","sim102",0.0321806067717877,"hclust"
"914","sim102",0.297595936959427,"scCoGAPS"
"915","sim102",0.041920910180852,"DR.SC"
"916","sim102",0.417632472775592,"BayesSpace"
"917","sim102",0.134396116545551,"SpaGCN"
"918","sim102",0.541671135087564,"STAGATE"
"919","sim103",0.760376261206883,"scSpace"
"920","sim103",0.59883957798159,"louvain"
"921","sim103",0.634694664971975,"kmeans"
"922","sim103",0.154197335183633,"hclust"
"923","sim103",0.210089694156792,"scCoGAPS"
"924","sim103",0.176454675996594,"DR.SC"
"925","sim103",0.54392657331512,"BayesSpace"
"926","sim103",0.265645012951437,"SpaGCN"
"927","sim103",0.264249503415221,"STAGATE"
"928","sim104",0.609071081887759,"scSpace"
"929","sim104",0.588015848611026,"louvain"
"930","sim104",0.45876973102641,"kmeans"
"931","sim104",0.285851141882689,"hclust"
"932","sim104",0.458806104452264,"scCoGAPS"
"933","sim104",0.416890906759061,"DR.SC"
"934","sim104",0.441088395369722,"BayesSpace"
"935","sim104",0.357681701462472,"SpaGCN"
"936","sim104",0.483942941394483,"STAGATE"
"937","sim105",0.667249117194465,"scSpace"
"938","sim105",0.342899859751169,"louvain"
"939","sim105",0.392011221491382,"kmeans"
"940","sim105",0.0356870937104679,"hclust"
"941","sim105",0.0463531606502853,"scCoGAPS"
"942","sim105",0.0795984114643035,"DR.SC"
"943","sim105",0.119631789929127,"BayesSpace"
"944","sim105",0.0489635638974694,"SpaGCN"
"945","sim105",0.261328137785773,"STAGATE"
"946","sim106",0.752943355817589,"scSpace"
"947","sim106",0.545049125475105,"louvain"
"948","sim106",0.715367556579455,"kmeans"
"949","sim106",0.16498608447461,"hclust"
"950","sim106",0.200126377039763,"scCoGAPS"
"951","sim106",0.23545803362833,"DR.SC"
"952","sim106",0.3083023834786,"BayesSpace"
"953","sim106",0.228029925267749,"SpaGCN"
"954","sim106",0.322162692089388,"STAGATE"
"955","sim107",0.580397075758199,"scSpace"
"956","sim107",0.455977575435057,"louvain"
"957","sim107",0.440181658724098,"kmeans"
"958","sim107",0.220378577727085,"hclust"
"959","sim107",0.206145234850062,"scCoGAPS"
"960","sim107",0.289994387359403,"DR.SC"
"961","sim107",0.365827454048918,"BayesSpace"
"962","sim107",0.333780636245856,"SpaGCN"
"963","sim107",0.427450997156379,"STAGATE"
"964","sim108",0.415017684833834,"scSpace"
"965","sim108",0.180204163202663,"louvain"
"966","sim108",0.23610362964762,"kmeans"
"967","sim108",0.0327074959639111,"hclust"
"968","sim108",0.0321695302406806,"scCoGAPS"
"969","sim108",0.0482352030204558,"DR.SC"
"970","sim108",0.0558813647409999,"BayesSpace"
"971","sim108",0.0432931579331061,"SpaGCN"
"972","sim108",0.297813344378791,"STAGATE"
"973","sim109",0.76939091735423,"scSpace"
"974","sim109",0.623325521226832,"louvain"
"975","sim109",0.550401173693986,"kmeans"
"976","sim109",0.126587044974511,"hclust"
"977","sim109",0.148025476677575,"scCoGAPS"
"978","sim109",0.309630059810693,"DR.SC"
"979","sim109",0.377082986030048,"BayesSpace"
"980","sim109",0.31113408158363,"SpaGCN"
"981","sim109",0.549407991386131,"STAGATE"
"982","sim110",0.651197530515104,"scSpace"
"983","sim110",0.576090757206335,"louvain"
"984","sim110",0.540357410037213,"kmeans"
"985","sim110",0.262821666682134,"hclust"
"986","sim110",0.330481820873953,"scCoGAPS"
"987","sim110",0.392185907524812,"DR.SC"
"988","sim110",0.406630040623347,"BayesSpace"
"989","sim110",0.303342436839978,"SpaGCN"
"990","sim110",0.284512249358602,"STAGATE"
"991","sim111",0.378950185404305,"scSpace"
"992","sim111",0.0907099914712262,"louvain"
"993","sim111",0.0615839492168986,"kmeans"
"994","sim111",0.0343162585320113,"hclust"
"995","sim111",0.0404460070699397,"scCoGAPS"
"996","sim111",0.0463439363074477,"DR.SC"
"997","sim111",0.0471239947908203,"BayesSpace"
"998","sim111",0.0389562358418118,"SpaGCN"
"999","sim111",0.191914592098498,"STAGATE"
"1000","sim112",0.554858225397948,"scSpace"
"1001","sim112",0.213788272253341,"louvain"
"1002","sim112",0.238986722006957,"kmeans"
"1003","sim112",0.113489366789296,"hclust"
"1004","sim112",0.16839804339836,"scCoGAPS"
"1005","sim112",0.19035241151882,"DR.SC"
"1006","sim112",0.186672656972976,"BayesSpace"
"1007","sim112",0.147269831658877,"SpaGCN"
"1008","sim112",0.331643820644979,"STAGATE"
"1009","sim113",0.438212640218448,"scSpace"
"1010","sim113",0.362144929602451,"louvain"
"1011","sim113",0.270107046109489,"kmeans"
"1012","sim113",0.142459989483538,"hclust"
"1013","sim113",0.306603020831454,"scCoGAPS"
"1014","sim113",0.332158822675761,"DR.SC"
"1015","sim113",0.333912240913391,"BayesSpace"
"1016","sim113",0.266544781243021,"SpaGCN"
"1017","sim113",0.181089296953781,"STAGATE"
"1018","sim114",0.455169426740937,"scSpace"
"1019","sim114",0.173698973337126,"louvain"
"1020","sim114",0.220988544216891,"kmeans"
"1021","sim114",0.0368117227227741,"hclust"
"1022","sim114",0.0468868652627368,"scCoGAPS"
"1023","sim114",0.190269571673293,"DR.SC"
"1024","sim114",0.0760796254253273,"BayesSpace"
"1025","sim114",0.0507596480371693,"SpaGCN"
"1026","sim114",0.0616076195868606,"STAGATE"
"1027","sim115",0.447753685489299,"scSpace"
"1028","sim115",0.208092115914165,"louvain"
"1029","sim115",0.203549158742381,"kmeans"
"1030","sim115",0.102397412324557,"hclust"
"1031","sim115",0.157029421206601,"scCoGAPS"
"1032","sim115",0.148227731222609,"DR.SC"
"1033","sim115",0.159805237042999,"BayesSpace"
"1034","sim115",0.152905391178216,"SpaGCN"
"1035","sim115",0.0975581518302635,"STAGATE"
"1036","sim116",0.464865822129731,"scSpace"
"1037","sim116",0.39529668866688,"louvain"
"1038","sim116",0.281947570885993,"kmeans"
"1039","sim116",0.186087928903524,"hclust"
"1040","sim116",0.311422112409207,"scCoGAPS"
"1041","sim116",0.291978472943073,"DR.SC"
"1042","sim116",0.317521933098079,"BayesSpace"
"1043","sim116",0.295521191535168,"SpaGCN"
"1044","sim116",0.150815352608731,"STAGATE"
"1045","sim117",0.703462175084773,"scSpace"
"1046","sim117",0.532089931088636,"louvain"
"1047","sim117",0.51718358978749,"kmeans"
"1048","sim117",0.0351674558307836,"hclust"
"1049","sim117",0.240350044415707,"scCoGAPS"
"1050","sim117",0.0914103679233593,"DR.SC"
"1051","sim117",0.363609210350907,"BayesSpace"
"1052","sim117",0.130575105427384,"SpaGCN"
"1053","sim117",0.402407800553354,"STAGATE"
"1054","sim118",0.622735870714071,"scSpace"
"1055","sim118",0.482605101236066,"louvain"
"1056","sim118",0.535186632890749,"kmeans"
"1057","sim118",0.102908495835919,"hclust"
"1058","sim118",0.175786792170467,"scCoGAPS"
"1059","sim118",0.137804280779264,"DR.SC"
"1060","sim118",0.362121539048825,"BayesSpace"
"1061","sim118",0.160334485613786,"SpaGCN"
"1062","sim118",0.246445108946663,"STAGATE"
"1063","sim119",0.550799374972948,"scSpace"
"1064","sim119",0.521853743939224,"louvain"
"1065","sim119",0.490040295172802,"kmeans"
"1066","sim119",0.237709069635086,"hclust"
"1067","sim119",0.142040705578296,"scCoGAPS"
"1068","sim119",0.318066778055234,"DR.SC"
"1069","sim119",0.483413163762255,"BayesSpace"
"1070","sim119",0.304300729397775,"SpaGCN"
"1071","sim119",0.150981277652134,"STAGATE"
"1072","sim120",0.45218117554188,"scSpace"
"1073","sim120",0.26189136714623,"louvain"
"1074","sim120",0.123959732247333,"kmeans"
"1075","sim120",0.0366121008985173,"hclust"
"1076","sim120",0.0446530968012986,"scCoGAPS"
"1077","sim120",0.0384885858640323,"DR.SC"
"1078","sim120",0.064644899213164,"BayesSpace"
"1079","sim120",0.0414158170561343,"SpaGCN"
"1080","sim120",0.172375472472733,"STAGATE"
"1081","sim121",0.575325028549516,"scSpace"
"1082","sim121",0.491704705563244,"louvain"
"1083","sim121",0.491158044095587,"kmeans"
"1084","sim121",0.096971743986532,"hclust"
"1085","sim121",0.201078952434047,"scCoGAPS"
"1086","sim121",0.186320401276062,"DR.SC"
"1087","sim121",0.208729110588854,"BayesSpace"
"1088","sim121",0.162766298752309,"SpaGCN"
"1089","sim121",0.244350808957543,"STAGATE"
"1090","sim122",0.51516108079499,"scSpace"
"1091","sim122",0.415349647748035,"louvain"
"1092","sim122",0.360136601676817,"kmeans"
"1093","sim122",0.176042399374486,"hclust"
"1094","sim122",0.273962842535325,"scCoGAPS"
"1095","sim122",0.259504520379015,"DR.SC"
"1096","sim122",0.337085497525283,"BayesSpace"
"1097","sim122",0.274806075149756,"SpaGCN"
"1098","sim122",0.171859279077688,"STAGATE"
"1099","sim123",0.383158456772871,"scSpace"
"1100","sim123",0.190760935481525,"louvain"
"1101","sim123",0.220326985527204,"kmeans"
"1102","sim123",0.039386929273841,"hclust"
"1103","sim123",0.0284434084998462,"scCoGAPS"
"1104","sim123",0.0851100052302369,"DR.SC"
"1105","sim123",0.0654156320426287,"BayesSpace"
"1106","sim123",0.0331297255672385,"SpaGCN"
"1107","sim123",0.18133537799569,"STAGATE"
"1108","sim124",0.643753375833133,"scSpace"
"1109","sim124",0.580382546337277,"louvain"
"1110","sim124",0.572844079479066,"kmeans"
"1111","sim124",0.0981456784099994,"hclust"
"1112","sim124",0.205155852267277,"scCoGAPS"
"1113","sim124",0.229572510067394,"DR.SC"
"1114","sim124",0.3088498709917,"BayesSpace"
"1115","sim124",0.153594611694862,"SpaGCN"
"1116","sim124",0.222155367189618,"STAGATE"
"1117","sim125",0.538138510152402,"scSpace"
"1118","sim125",0.486530406382311,"louvain"
"1119","sim125",0.421481504998325,"kmeans"
"1120","sim125",0.181013475392775,"hclust"
"1121","sim125",0.29846289027735,"scCoGAPS"
"1122","sim125",0.2835557732295,"DR.SC"
"1123","sim125",0.349074180923766,"BayesSpace"
"1124","sim125",0.290910056785018,"SpaGCN"
"1125","sim125",0.369368582275399,"STAGATE"
"1126","sim126",0.540789931667458,"scSpace"
"1127","sim126",0.246211060632693,"louvain"
"1128","sim126",0.188576196536294,"kmeans"
"1129","sim126",0.0264472626760246,"hclust"
"1130","sim126",0.0447603424738329,"scCoGAPS"
"1131","sim126",0.0667811241808249,"DR.SC"
"1132","sim126",0.0473636528783171,"BayesSpace"
"1133","sim126",0.0393394199418798,"SpaGCN"
"1134","sim126",0.215763422537876,"STAGATE"
"1135","sim127",0.244204009058191,"scSpace"
"1136","sim127",0.221886421122371,"louvain"
"1137","sim127",0.182762944101556,"kmeans"
"1138","sim127",0.085967625536037,"hclust"
"1139","sim127",0.145111756661521,"scCoGAPS"
"1140","sim127",0.123118909969717,"DR.SC"
"1141","sim127",0.148447850153289,"BayesSpace"
"1142","sim127",0.133309948965473,"SpaGCN"
"1143","sim127",0.0658015830348284,"STAGATE"
"1144","sim128",0.374951974775849,"scSpace"
"1145","sim128",0.330263101144946,"louvain"
"1146","sim128",0.256140789311693,"kmeans"
"1147","sim128",0.168163436138339,"hclust"
"1148","sim128",0.258542905830122,"scCoGAPS"
"1149","sim128",0.2227188654861,"DR.SC"
"1150","sim128",0.310971815014137,"BayesSpace"
"1151","sim128",0.247761281776305,"SpaGCN"
"1152","sim128",0.224185822899817,"STAGATE"
"1153","sim129",0.494327609343459,"scSpace"
"1154","sim129",0.210732424878441,"louvain"
"1155","sim129",0.141288580069476,"kmeans"
"1156","sim129",0.0408332929435606,"hclust"
"1157","sim129",0.0602203876075763,"scCoGAPS"
"1158","sim129",0.100106379558186,"DR.SC"
"1159","sim129",0.0624256997442655,"BayesSpace"
"1160","sim129",0.0502268044568716,"SpaGCN"
"1161","sim129",0.0593187022434463,"STAGATE"
"1162","sim130",0.382061221554462,"scSpace"
"1163","sim130",0.18667326191006,"louvain"
"1164","sim130",0.176879918094705,"kmeans"
"1165","sim130",0.08738218840206,"hclust"
"1166","sim130",0.130799407609357,"scCoGAPS"
"1167","sim130",0.13368251632227,"DR.SC"
"1168","sim130",0.15389576031663,"BayesSpace"
"1169","sim130",0.119321433652395,"SpaGCN"
"1170","sim130",0.12363816059705,"STAGATE"
"1171","sim131",0.47933624444148,"scSpace"
"1172","sim131",0.386341353836889,"louvain"
"1173","sim131",0.215524474758315,"kmeans"
"1174","sim131",0.176494931936379,"hclust"
"1175","sim131",0.311859326255144,"scCoGAPS"
"1176","sim131",0.228452584364187,"DR.SC"
"1177","sim131",0.238784807291361,"BayesSpace"
"1178","sim131",0.274799325830065,"SpaGCN"
"1179","sim131",0.0836454514818672,"STAGATE"
"1180","sim132",0.671288666852288,"scSpace"
"1181","sim132",0.553829372463708,"louvain"
"1182","sim132",0.488753300905194,"kmeans"
"1183","sim132",0.0231875128821474,"hclust"
"1184","sim132",0.213547920244074,"scCoGAPS"
"1185","sim132",0.0804023718144303,"DR.SC"
"1186","sim132",0.315152843057738,"BayesSpace"
"1187","sim132",0.0335766116687126,"SpaGCN"
"1188","sim132",0.364958571341111,"STAGATE"
"1189","sim133",0.503015442865763,"scSpace"
"1190","sim133",0.386735152186613,"louvain"
"1191","sim133",0.378107474604123,"kmeans"
"1192","sim133",0.0820348904818533,"hclust"
"1193","sim133",0.157476747044308,"scCoGAPS"
"1194","sim133",0.157116179220784,"DR.SC"
"1195","sim133",0.310933164091057,"BayesSpace"
"1196","sim133",0.142031273482222,"SpaGCN"
"1197","sim133",0.172897910257343,"STAGATE"
"1198","sim134",0.539775787470306,"scSpace"
"1199","sim134",0.476470760709202,"louvain"
"1200","sim134",0.415594364826142,"kmeans"
"1201","sim134",0.174645017596369,"hclust"
"1202","sim134",0.295189324992232,"scCoGAPS"
"1203","sim134",0.299291557786367,"DR.SC"
"1204","sim134",0.382006991278692,"BayesSpace"
"1205","sim134",0.242014426461091,"SpaGCN"
"1206","sim134",0.258265942173737,"STAGATE"
"1207","sim135",0.311334334457948,"scSpace"
"1208","sim135",0.151000216746417,"louvain"
"1209","sim135",0.156430826568099,"kmeans"
"1210","sim135",0.0270350799172377,"hclust"
"1211","sim135",0.0375403588348119,"scCoGAPS"
"1212","sim135",0.045602595632248,"DR.SC"
"1213","sim135",0.0446901823614687,"BayesSpace"
"1214","sim135",0.0292485148534613,"SpaGCN"
"1215","sim135",0.113141601114987,"STAGATE"
"1216","sim136",0.556804811498584,"scSpace"
"1217","sim136",0.537324535134144,"louvain"
"1218","sim136",0.508478838508163,"kmeans"
"1219","sim136",0.0889465361793692,"hclust"
"1220","sim136",0.172307717777805,"scCoGAPS"
"1221","sim136",0.140025847165183,"DR.SC"
"1222","sim136",0.222064744271133,"BayesSpace"
"1223","sim136",0.137562707863687,"SpaGCN"
"1224","sim136",0.149134948251977,"STAGATE"
"1225","sim137",0.56047907711876,"scSpace"
"1226","sim137",0.421418623679714,"louvain"
"1227","sim137",0.408937827448132,"kmeans"
"1228","sim137",0.14715709509478,"hclust"
"1229","sim137",0.277218625714197,"scCoGAPS"
"1230","sim137",0.237333676390269,"DR.SC"
"1231","sim137",0.24727148946265,"BayesSpace"
"1232","sim137",0.25756734394754,"SpaGCN"
"1233","sim137",0.221645770639728,"STAGATE"
"1234","sim138",0.151768683344685,"scSpace"
"1235","sim138",0.142106994443153,"louvain"
"1236","sim138",0.146152232754741,"kmeans"
"1237","sim138",0.0228267406528393,"hclust"
"1238","sim138",0.0270957297961766,"scCoGAPS"
"1239","sim138",0.0540805299805113,"DR.SC"
"1240","sim138",0.0365690581989674,"BayesSpace"
"1241","sim138",0.0303174149628281,"SpaGCN"
"1242","sim138",0.0620508954463544,"STAGATE"
"1243","sim139",0.685664067218315,"scSpace"
"1244","sim139",0.571228616613427,"louvain"
"1245","sim139",0.49518998551212,"kmeans"
"1246","sim139",0.0659344488714894,"hclust"
"1247","sim139",0.257607973972406,"scCoGAPS"
"1248","sim139",0.240018892189632,"DR.SC"
"1249","sim139",0.300991415135372,"BayesSpace"
"1250","sim139",0.101907433139408,"SpaGCN"
"1251","sim139",0.297628246998908,"STAGATE"
"1252","sim140",0.450959052396239,"scSpace"
"1253","sim140",0.428200663909425,"louvain"
"1254","sim140",0.366103598307327,"kmeans"
"1255","sim140",0.177762802279576,"hclust"
"1256","sim140",0.267391817475393,"scCoGAPS"
"1257","sim140",0.272973477534324,"DR.SC"
"1258","sim140",0.299511079389449,"BayesSpace"
"1259","sim140",0.214475531702843,"SpaGCN"
"1260","sim140",0.149298164215355,"STAGATE"
