"","simulation","subcluster_num","ARI","method"
"1","sim1",2,0.931863690151949,"scSpace"
"2","sim1",2,0,"louvain"
"3","sim1",2,0,"kmeans"
"4","sim1",2,0,"hclust"
"5","sim1",2,0,"scCoGAPS"
"6","sim1",2,0,"DR.SC"
"7","sim1",2,0.0316720608550733,"BayesSpace"
"8","sim1",2,0,"SpaGCN"
"9","sim1",2,0.610661492644098,"STAGATE"
"10","sim2",3,0.859996366639605,"scSpace"
"11","sim2",3,0.646820639282234,"louvain"
"12","sim2",3,0.636201277437906,"kmeans"
"13","sim2",3,-0.0120520748324107,"hclust"
"14","sim2",3,-0.000630619222179517,"scCoGAPS"
"15","sim2",3,0.03466021243965,"DR.SC"
"16","sim2",3,0.353486397568225,"BayesSpace"
"17","sim2",3,-0.00269470797488173,"SpaGCN"
"18","sim2",3,0.68135120639121,"STAGATE"
"19","sim3",4,0.891375384700132,"scSpace"
"20","sim3",4,0.735624151590406,"louvain"
"21","sim3",4,0.77822457218108,"kmeans"
"22","sim3",4,0.0127350631559159,"hclust"
"23","sim3",4,0.0378360824942441,"scCoGAPS"
"24","sim3",4,0.283123295860796,"DR.SC"
"25","sim3",4,0.583332169274861,"BayesSpace"
"26","sim3",4,0.235609179087307,"SpaGCN"
"27","sim3",4,0.859826855413333,"STAGATE"
"28","sim4",2,0.615797257664252,"scSpace"
"29","sim4",2,0.281077646702569,"louvain"
"30","sim4",2,0,"kmeans"
"31","sim4",2,-0.000674167056068269,"hclust"
"32","sim4",2,0,"scCoGAPS"
"33","sim4",2,0.0321334481974605,"DR.SC"
"34","sim4",2,0.19627346279151,"BayesSpace"
"35","sim4",2,-0.0125537076732015,"SpaGCN"
"36","sim4",2,-0.0350771656070416,"STAGATE"
"37","sim5",3,0.666713468160999,"scSpace"
"38","sim5",3,0.387580018074335,"louvain"
"39","sim5",3,0.388456787366999,"kmeans"
"40","sim5",3,0.0242060141767859,"hclust"
"41","sim5",3,0.0127933726060167,"scCoGAPS"
"42","sim5",3,0.665940801682848,"DR.SC"
"43","sim5",3,0.367373005406362,"BayesSpace"
"44","sim5",3,0.279170740812219,"SpaGCN"
"45","sim5",3,0.724792742772741,"STAGATE"
"46","sim6",4,0.74518459889468,"scSpace"
"47","sim6",4,0.476790932391844,"louvain"
"48","sim6",4,0.5396925237967,"kmeans"
"49","sim6",4,0.00146735372022686,"hclust"
"50","sim6",4,0.0148377502812031,"scCoGAPS"
"51","sim6",4,0.728293500234785,"DR.SC"
"52","sim6",4,0.294276773536787,"BayesSpace"
"53","sim6",4,0.0485655627758462,"SpaGCN"
"54","sim6",4,0.558221689155829,"STAGATE"
"55","sim7",2,0.733476129754044,"scSpace"
"56","sim7",2,-0.00477832060261022,"louvain"
"57","sim7",2,-0.00920307916093738,"kmeans"
"58","sim7",2,-0.0169688617387006,"hclust"
"59","sim7",2,0.0308289983010784,"scCoGAPS"
"60","sim7",2,0.0504898102285608,"DR.SC"
"61","sim7",2,0.0115167768300184,"BayesSpace"
"62","sim7",2,-0.0207140977018189,"SpaGCN"
"63","sim7",2,0.096772109892017,"STAGATE"
"64","sim8",3,0.771493757789723,"scSpace"
"65","sim8",3,0.370323732377599,"louvain"
"66","sim8",3,0.427153587624688,"kmeans"
"67","sim8",3,-0.00957552750734055,"hclust"
"68","sim8",3,-0.00638501339886274,"scCoGAPS"
"69","sim8",3,0.441823807642229,"DR.SC"
"70","sim8",3,0.154363211005268,"BayesSpace"
"71","sim8",3,0.0055600731521723,"SpaGCN"
"72","sim8",3,0.569860723938716,"STAGATE"
"73","sim9",3,0.692624937317716,"scSpace"
"74","sim9",3,0.343073994529204,"louvain"
"75","sim9",3,0.336708424375383,"kmeans"
"76","sim9",3,-0.00600136722679903,"hclust"
"77","sim9",3,0.000274525620341147,"scCoGAPS"
"78","sim9",3,0.0127260044893313,"DR.SC"
"79","sim9",3,0.282156834875014,"BayesSpace"
"80","sim9",3,0.0303158996051537,"SpaGCN"
"81","sim9",3,0.612878381105911,"STAGATE"
"82","sim10",4,0.91873072387891,"scSpace"
"83","sim10",4,0.724461591663475,"louvain"
"84","sim10",4,0.435034433674927,"kmeans"
"85","sim10",4,0.000647906385276292,"hclust"
"86","sim10",4,-0.00316140518477805,"scCoGAPS"
"87","sim10",4,0.216198369391892,"DR.SC"
"88","sim10",4,0.089400681798936,"BayesSpace"
"89","sim10",4,0.104929339576621,"SpaGCN"
"90","sim10",4,0.829683310047577,"STAGATE"
"91","sim11",2,0.904336267569727,"scSpace"
"92","sim11",2,0,"louvain"
"93","sim11",2,0,"kmeans"
"94","sim11",2,0.0034272423756711,"hclust"
"95","sim11",2,-0.0138394546066178,"scCoGAPS"
"96","sim11",2,0.0106267537194262,"DR.SC"
"97","sim11",2,0,"BayesSpace"
"98","sim11",2,-0.00709333049600088,"SpaGCN"
"99","sim11",2,0.837214162039525,"STAGATE"
"100","sim12",3,0.880017324079663,"scSpace"
"101","sim12",3,0.49808114307433,"louvain"
"102","sim12",3,0.569278027904284,"kmeans"
"103","sim12",3,0.00511325017176847,"hclust"
"104","sim12",3,-0.00468264342003975,"scCoGAPS"
"105","sim12",3,0.0109137584467289,"DR.SC"
"106","sim12",3,0.0275974726662254,"BayesSpace"
"107","sim12",3,0.00433979516949577,"SpaGCN"
"108","sim12",3,0.0223215608883284,"STAGATE"
"109","sim13",4,0.842716351821034,"scSpace"
"110","sim13",4,0.436806721431528,"louvain"
"111","sim13",4,0.270779481752474,"kmeans"
"112","sim13",4,-0.00858656215961133,"hclust"
"113","sim13",4,0.0154207398101885,"scCoGAPS"
"114","sim13",4,0.0119750617141785,"DR.SC"
"115","sim13",4,0.0323360337264359,"BayesSpace"
"116","sim13",4,0.0240474659429608,"SpaGCN"
"117","sim13",4,0.269789699998037,"STAGATE"
"118","sim14",2,0.780283505220719,"scSpace"
"119","sim14",2,-0.00171808997642803,"louvain"
"120","sim14",2,-0.00140296661038828,"kmeans"
"121","sim14",2,0,"hclust"
"122","sim14",2,-0.00441573053637666,"scCoGAPS"
"123","sim14",2,0.0447388079806041,"DR.SC"
"124","sim14",2,0.21217354314798,"BayesSpace"
"125","sim14",2,0.0038555141322066,"SpaGCN"
"126","sim14",2,0,"STAGATE"
"127","sim15",3,0.661295525829729,"scSpace"
"128","sim15",3,0.242327883170663,"louvain"
"129","sim15",3,0.116005457918177,"kmeans"
"130","sim15",3,-0.00817903290007929,"hclust"
"131","sim15",3,-0.00198798877421571,"scCoGAPS"
"132","sim15",3,0.116529527765573,"DR.SC"
"133","sim15",3,0.0557572863846695,"BayesSpace"
"134","sim15",3,0.0572425565203224,"SpaGCN"
"135","sim15",3,0.211172127031596,"STAGATE"
"136","sim16",4,0.776411119054037,"scSpace"
"137","sim16",4,0.358011695520321,"louvain"
"138","sim16",4,0.397708104347258,"kmeans"
"139","sim16",4,0.00285247398851346,"hclust"
"140","sim16",4,0.0143755792686997,"scCoGAPS"
"141","sim16",4,0.0470277381365439,"DR.SC"
"142","sim16",4,0.230941051520094,"BayesSpace"
"143","sim16",4,0.104126042546607,"SpaGCN"
"144","sim16",4,0.546815721271909,"STAGATE"
"145","sim17",2,0.736842438153403,"scSpace"
"146","sim17",2,0.285053175387123,"louvain"
"147","sim17",2,0.398690815414366,"kmeans"
"148","sim17",2,0.022465121850488,"hclust"
"149","sim17",2,-0.0025302456516639,"scCoGAPS"
"150","sim17",2,0.0133082873320612,"DR.SC"
"151","sim17",2,0,"BayesSpace"
"152","sim17",2,0.00238912871096093,"SpaGCN"
"153","sim17",2,0.0944989404850273,"STAGATE"
"154","sim18",3,0.630275301955001,"scSpace"
"155","sim18",3,0.122018123473038,"louvain"
"156","sim18",3,0.399454959437005,"kmeans"
"157","sim18",3,0.0166331037287572,"hclust"
"158","sim18",3,-0.00474532250114479,"scCoGAPS"
"159","sim18",3,0.0877024494338118,"DR.SC"
"160","sim18",3,0.174683467157057,"BayesSpace"
"161","sim18",3,0.0106909413103497,"SpaGCN"
"162","sim18",3,0.189503496419195,"STAGATE"
"163","sim19",3,0.740007180408177,"scSpace"
"164","sim19",3,0.145329131587731,"louvain"
"165","sim19",3,-0.00135924142873004,"kmeans"
"166","sim19",3,-0.000300233918854289,"hclust"
"167","sim19",3,-0.00587908678185323,"scCoGAPS"
"168","sim19",3,-0.000369006797456226,"DR.SC"
"169","sim19",3,0.184363784527947,"BayesSpace"
"170","sim19",3,0.0723254874853354,"SpaGCN"
"171","sim19",3,0.294414847929395,"STAGATE"
"172","sim20",4,0.6733995864936,"scSpace"
"173","sim20",4,0.380987261383812,"louvain"
"174","sim20",4,0.469739197312101,"kmeans"
"175","sim20",4,0.00375189871727219,"hclust"
"176","sim20",4,-0.00447076778557419,"scCoGAPS"
"177","sim20",4,0.274226017497528,"DR.SC"
"178","sim20",4,0.0489928251674166,"BayesSpace"
"179","sim20",4,0.0106566945805304,"SpaGCN"
"180","sim20",4,0.45233134043227,"STAGATE"
"181","sim21",2,0.852104119968326,"scSpace"
"182","sim21",2,0,"louvain"
"183","sim21",2,0.57161756145232,"kmeans"
"184","sim21",2,0.0267057257073305,"hclust"
"185","sim21",2,0,"scCoGAPS"
"186","sim21",2,0.101681873634091,"DR.SC"
"187","sim21",2,0,"BayesSpace"
"188","sim21",2,-0.020313675121384,"SpaGCN"
"189","sim21",2,0.927103866595706,"STAGATE"
"190","sim22",3,0.883949406087273,"scSpace"
"191","sim22",3,0.670193101995304,"louvain"
"192","sim22",3,0.759365548545715,"kmeans"
"193","sim22",3,0.00112479958738236,"hclust"
"194","sim22",3,0.0248707214496131,"scCoGAPS"
"195","sim22",3,0.761524635566793,"DR.SC"
"196","sim22",3,0.548963944778365,"BayesSpace"
"197","sim22",3,0.266917381540857,"SpaGCN"
"198","sim22",3,0.959090215921321,"STAGATE"
"199","sim23",4,0.819933434053734,"scSpace"
"200","sim23",4,0.42406685292167,"louvain"
"201","sim23",4,0.479239242727889,"kmeans"
"202","sim23",4,0.00101168503119925,"hclust"
"203","sim23",4,0.00140085833902068,"scCoGAPS"
"204","sim23",4,0.481893656418593,"DR.SC"
"205","sim23",4,0.279397293579049,"BayesSpace"
"206","sim23",4,0,"SpaGCN"
"207","sim23",4,0.790563990437601,"STAGATE"
"208","sim24",2,0,"scSpace"
"209","sim24",2,0.339466282627996,"louvain"
"210","sim24",2,0,"kmeans"
"211","sim24",2,0.00369951002040379,"hclust"
"212","sim24",2,0,"scCoGAPS"
"213","sim24",2,0.10933667254283,"DR.SC"
"214","sim24",2,0.0813026430195879,"BayesSpace"
"215","sim24",2,0,"SpaGCN"
"216","sim24",2,0.897249596894423,"STAGATE"
"217","sim25",3,0.785471337718632,"scSpace"
"218","sim25",3,0.54489879164748,"louvain"
"219","sim25",3,0.532498316748291,"kmeans"
"220","sim25",3,0,"hclust"
"221","sim25",3,0.0767734053847884,"scCoGAPS"
"222","sim25",3,0.672792802794326,"DR.SC"
"223","sim25",3,0.191418659787232,"BayesSpace"
"224","sim25",3,0.0239080836325699,"SpaGCN"
"225","sim25",3,0.845432092256397,"STAGATE"
"226","sim26",4,0.520920214714108,"scSpace"
"227","sim26",4,0.317371676965082,"louvain"
"228","sim26",4,0.343004545933663,"kmeans"
"229","sim26",4,-0.000736155125067239,"hclust"
"230","sim26",4,0.00928021678230785,"scCoGAPS"
"231","sim26",4,0.528810442670577,"DR.SC"
"232","sim26",4,0.060273131752944,"BayesSpace"
"233","sim26",4,0.00833473163084138,"SpaGCN"
"234","sim26",4,0.533600040998575,"STAGATE"
"235","sim27",2,0.919913755966483,"scSpace"
"236","sim27",2,0,"louvain"
"237","sim27",2,0.770417385037986,"kmeans"
"238","sim27",2,0.0217754673778071,"hclust"
"239","sim27",2,0,"scCoGAPS"
"240","sim27",2,0.00783659392365055,"DR.SC"
"241","sim27",2,0.000484938045655128,"BayesSpace"
"242","sim27",2,0,"SpaGCN"
"243","sim27",2,0.890927471919016,"STAGATE"
"244","sim28",3,0.577778645977402,"scSpace"
"245","sim28",3,0.368606255173806,"louvain"
"246","sim28",3,0.515631213564537,"kmeans"
"247","sim28",3,0,"hclust"
"248","sim28",3,3.02307739665378e-05,"scCoGAPS"
"249","sim28",3,0.451030193718453,"DR.SC"
"250","sim28",3,0.141851625010978,"BayesSpace"
"251","sim28",3,-0.00107071879709437,"SpaGCN"
"252","sim28",3,0.589241881320604,"STAGATE"
"253","sim29",3,0,"scSpace"
"254","sim29",3,0.640674926282925,"louvain"
"255","sim29",3,0.595641068997213,"kmeans"
"256","sim29",3,0.0029318648632501,"hclust"
"257","sim29",3,0.000813717806454704,"scCoGAPS"
"258","sim29",3,0.00267019753112413,"DR.SC"
"259","sim29",3,0.430467863321507,"BayesSpace"
"260","sim29",3,0.0971161320465947,"SpaGCN"
"261","sim29",3,0.847954781040391,"STAGATE"
"262","sim30",4,0.932471815723964,"scSpace"
"263","sim30",4,0.495177919202018,"louvain"
"264","sim30",4,0.647228016651546,"kmeans"
"265","sim30",4,-0.000389783848384946,"hclust"
"266","sim30",4,0.116381242225585,"scCoGAPS"
"267","sim30",4,0.00775189589126278,"DR.SC"
"268","sim30",4,0.183358765516004,"BayesSpace"
"269","sim30",4,0.0156930931296847,"SpaGCN"
"270","sim30",4,0.792096522529621,"STAGATE"
"271","sim31",2,0.920359416034237,"scSpace"
"272","sim31",2,0,"louvain"
"273","sim31",2,0,"kmeans"
"274","sim31",2,0,"hclust"
"275","sim31",2,0,"scCoGAPS"
"276","sim31",2,0.0403690448584235,"DR.SC"
"277","sim31",2,0,"BayesSpace"
"278","sim31",2,-0.00837386440085801,"SpaGCN"
"279","sim31",2,0.909040076539454,"STAGATE"
"280","sim32",3,0.493104577473648,"scSpace"
"281","sim32",3,0,"louvain"
"282","sim32",3,0.305416910457934,"kmeans"
"283","sim32",3,0.00247147732774703,"hclust"
"284","sim32",3,0,"scCoGAPS"
"285","sim32",3,0.0159431339112683,"DR.SC"
"286","sim32",3,0,"BayesSpace"
"287","sim32",3,-5.61115670989382e-05,"SpaGCN"
"288","sim32",3,0.472278158214981,"STAGATE"
"289","sim33",4,0.391831144789043,"scSpace"
"290","sim33",4,0.0232376144463146,"louvain"
"291","sim33",4,-0.000219647666786903,"kmeans"
"292","sim33",4,5.16297865179999e-05,"hclust"
"293","sim33",4,0.00283341538308175,"scCoGAPS"
"294","sim33",4,0.0172838736509198,"DR.SC"
"295","sim33",4,0.0352061163154062,"BayesSpace"
"296","sim33",4,0.00697042525805901,"SpaGCN"
"297","sim33",4,0.251621662693048,"STAGATE"
"298","sim34",2,0.593668622646788,"scSpace"
"299","sim34",2,-0.0045768184442374,"louvain"
"300","sim34",2,0,"kmeans"
"301","sim34",2,0.00446650305474566,"hclust"
"302","sim34",2,-0.0255907577428514,"scCoGAPS"
"303","sim34",2,0.0659566230422214,"DR.SC"
"304","sim34",2,0,"BayesSpace"
"305","sim34",2,0,"SpaGCN"
"306","sim34",2,0.697849165007299,"STAGATE"
"307","sim35",3,0.571899485321535,"scSpace"
"308","sim35",3,0.307833539250964,"louvain"
"309","sim35",3,0,"kmeans"
"310","sim35",3,0.00262071648963722,"hclust"
"311","sim35",3,0.0406818654970087,"scCoGAPS"
"312","sim35",3,0.0970022966562243,"DR.SC"
"313","sim35",3,0.389267176814675,"BayesSpace"
"314","sim35",3,0.219680865338988,"SpaGCN"
"315","sim35",3,0.505621524361515,"STAGATE"
"316","sim36",4,0.350306475183997,"scSpace"
"317","sim36",4,0.0490226394421143,"louvain"
"318","sim36",4,0.229478308930887,"kmeans"
"319","sim36",4,0.00350250332879842,"hclust"
"320","sim36",4,-0.00319432656663538,"scCoGAPS"
"321","sim36",4,0.00543839784863798,"DR.SC"
"322","sim36",4,0.0766855444566632,"BayesSpace"
"323","sim36",4,0.00250532601981036,"SpaGCN"
"324","sim36",4,0.194874484015207,"STAGATE"
"325","sim37",2,0.778557967746299,"scSpace"
"326","sim37",2,0.693173514027929,"louvain"
"327","sim37",2,0,"kmeans"
"328","sim37",2,0.0209448705354132,"hclust"
"329","sim37",2,-0.00440570165295366,"scCoGAPS"
"330","sim37",2,0.0196028570386353,"DR.SC"
"331","sim37",2,0.281223977291993,"BayesSpace"
"332","sim37",2,0.00343835504868079,"SpaGCN"
"333","sim37",2,0.107321908494151,"STAGATE"
"334","sim38",3,0.795080735849155,"scSpace"
"335","sim38",3,0.794973592100332,"louvain"
"336","sim38",3,0.389236561788939,"kmeans"
"337","sim38",3,0.00276559108951773,"hclust"
"338","sim38",3,0.0118794737584299,"scCoGAPS"
"339","sim38",3,0.373337172645805,"DR.SC"
"340","sim38",3,0.400389977929319,"BayesSpace"
"341","sim38",3,0.026998150687759,"SpaGCN"
"342","sim38",3,0.364191095683705,"STAGATE"
"343","sim39",3,0.871844974549438,"scSpace"
"344","sim39",3,0.224526345053191,"louvain"
"345","sim39",3,0.51246054180563,"kmeans"
"346","sim39",3,0.0265722927097623,"hclust"
"347","sim39",3,0.0426693980677266,"scCoGAPS"
"348","sim39",3,0.353563417809991,"DR.SC"
"349","sim39",3,0.151154053151706,"BayesSpace"
"350","sim39",3,0.0634407267935143,"SpaGCN"
"351","sim39",3,0.566464379082205,"STAGATE"
"352","sim40",4,0.431859795324072,"scSpace"
"353","sim40",4,0.336542877116385,"louvain"
"354","sim40",4,0.244213804760227,"kmeans"
"355","sim40",4,0.00449971671242323,"hclust"
"356","sim40",4,0.0100453418480565,"scCoGAPS"
"357","sim40",4,0.0522305601903359,"DR.SC"
"358","sim40",4,0.0226444877404785,"BayesSpace"
"359","sim40",4,0.0197275132336716,"SpaGCN"
"360","sim40",4,0.481138805931542,"STAGATE"
"361","sim41",2,0.975132300670178,"scSpace"
"362","sim41",2,0,"louvain"
"363","sim41",2,0.787446415322209,"kmeans"
"364","sim41",2,-0.00198900653763623,"hclust"
"365","sim41",2,0,"scCoGAPS"
"366","sim41",2,0.00173164937869359,"DR.SC"
"367","sim41",2,0,"BayesSpace"
"368","sim41",2,0,"SpaGCN"
"369","sim41",2,0.975124469962626,"STAGATE"
"370","sim42",3,0.800105416857202,"scSpace"
"371","sim42",3,0.521233688123295,"louvain"
"372","sim42",3,0.400448891895602,"kmeans"
"373","sim42",3,-0.00103950141751558,"hclust"
"374","sim42",3,-0.000560975056632809,"scCoGAPS"
"375","sim42",3,0.00783791773936699,"DR.SC"
"376","sim42",3,0.313579138348027,"BayesSpace"
"377","sim42",3,0.00564349332189346,"SpaGCN"
"378","sim42",3,0.466680656134478,"STAGATE"
"379","sim43",4,0.752634975389615,"scSpace"
"380","sim43",4,0.583786386779397,"louvain"
"381","sim43",4,0.594983576595124,"kmeans"
"382","sim43",4,-0.000916934168493908,"hclust"
"383","sim43",4,-0.000888507338060228,"scCoGAPS"
"384","sim43",4,0.00789356678330475,"DR.SC"
"385","sim43",4,0.379023883544148,"BayesSpace"
"386","sim43",4,0.0597838311130897,"SpaGCN"
"387","sim43",4,0.73230989567444,"STAGATE"
"388","sim44",2,0.874221004141491,"scSpace"
"389","sim44",2,0.371824994146809,"louvain"
"390","sim44",2,0.520480649051333,"kmeans"
"391","sim44",2,-0.000297369793118623,"hclust"
"392","sim44",2,0,"scCoGAPS"
"393","sim44",2,0.00233464942373046,"DR.SC"
"394","sim44",2,0,"BayesSpace"
"395","sim44",2,0,"SpaGCN"
"396","sim44",2,0.887415783816486,"STAGATE"
"397","sim45",3,0.75210922684878,"scSpace"
"398","sim45",3,0.616179180339869,"louvain"
"399","sim45",3,0,"kmeans"
"400","sim45",3,0.00632038550368486,"hclust"
"401","sim45",3,0.00280023403225837,"scCoGAPS"
"402","sim45",3,0.126632048944048,"DR.SC"
"403","sim45",3,0.556656435770514,"BayesSpace"
"404","sim45",3,0.275493555597386,"SpaGCN"
"405","sim45",3,0.746092996390209,"STAGATE"
"406","sim46",4,0.679731962236964,"scSpace"
"407","sim46",4,0.167561814803517,"louvain"
"408","sim46",4,0.278255549393213,"kmeans"
"409","sim46",4,-0.0135835480107736,"hclust"
"410","sim46",4,-0.00530344262130933,"scCoGAPS"
"411","sim46",4,0.00651913103061584,"DR.SC"
"412","sim46",4,0.0270556615752522,"BayesSpace"
"413","sim46",4,0.0193111212669015,"SpaGCN"
"414","sim46",4,0.575799870028074,"STAGATE"
"415","sim47",2,0.936127331532157,"scSpace"
"416","sim47",2,0,"louvain"
"417","sim47",2,0.00853730949531381,"kmeans"
"418","sim47",2,-0.00283120023435699,"hclust"
"419","sim47",2,0,"scCoGAPS"
"420","sim47",2,-0.0209369647696229,"DR.SC"
"421","sim47",2,0,"BayesSpace"
"422","sim47",2,0,"SpaGCN"
"423","sim47",2,-0.00279381676158486,"STAGATE"
"424","sim48",3,0.588645952899482,"scSpace"
"425","sim48",3,0.440894318056779,"louvain"
"426","sim48",3,0,"kmeans"
"427","sim48",3,0.00884327272147884,"hclust"
"428","sim48",3,0.000433734772863366,"scCoGAPS"
"429","sim48",3,0.0161199066314115,"DR.SC"
"430","sim48",3,0.0519889981641937,"BayesSpace"
"431","sim48",3,0.00534380318887439,"SpaGCN"
"432","sim48",3,0.658342242147979,"STAGATE"
"433","sim49",3,0.804663874065387,"scSpace"
"434","sim49",3,0.349137871320659,"louvain"
"435","sim49",3,0.5312830611347,"kmeans"
"436","sim49",3,-0.00130606434296899,"hclust"
"437","sim49",3,3.72461181514213e-05,"scCoGAPS"
"438","sim49",3,0.466247205192542,"DR.SC"
"439","sim49",3,0.250690550405552,"BayesSpace"
"440","sim49",3,0.250071381479189,"SpaGCN"
"441","sim49",3,0.779399317189369,"STAGATE"
"442","sim50",4,0.351234419665015,"scSpace"
"443","sim50",4,0.275619366327399,"louvain"
"444","sim50",4,0,"kmeans"
"445","sim50",4,0.00604184326296357,"hclust"
"446","sim50",4,0.0131472899439214,"scCoGAPS"
"447","sim50",4,0.0305120556926256,"DR.SC"
"448","sim50",4,0.00769040814071384,"BayesSpace"
"449","sim50",4,-0.0126101898293334,"SpaGCN"
"450","sim50",4,0.486500100366541,"STAGATE"
"451","sim51",5,0.907947527492946,"scSpace"
"452","sim51",5,0.543846501436127,"louvain"
"453","sim51",5,0.590800252406578,"kmeans"
"454","sim51",5,0.0022457594943177,"hclust"
"455","sim51",5,0.00840267694685244,"scCoGAPS"
"456","sim51",5,0.0326667132852387,"DR.SC"
"457","sim51",5,0.375104526251129,"BayesSpace"
"458","sim51",5,0.0693659748346271,"SpaGCN"
"459","sim51",5,0.800086553796072,"STAGATE"
"460","sim52",5,0.53301332512175,"scSpace"
"461","sim52",5,0.115584936034707,"louvain"
"462","sim52",5,0.114637952826657,"kmeans"
"463","sim52",5,-0.00358505114599489,"hclust"
"464","sim52",5,0.00692644010204842,"scCoGAPS"
"465","sim52",5,0.0521693921393529,"DR.SC"
"466","sim52",5,0.0753692925112724,"BayesSpace"
"467","sim52",5,0.0398747288057652,"SpaGCN"
"468","sim52",5,0.448321988481444,"STAGATE"
"469","sim53",5,0.404388606337261,"scSpace"
"470","sim53",5,0.0625691931885077,"louvain"
"471","sim53",5,0.0650375892010716,"kmeans"
"472","sim53",5,0.00040869669475211,"hclust"
"473","sim53",5,-0.00486474995920654,"scCoGAPS"
"474","sim53",5,0.0557569388360432,"DR.SC"
"475","sim53",5,0.113904666963882,"BayesSpace"
"476","sim53",5,0.0642741420776331,"SpaGCN"
"477","sim53",5,0.417962622510448,"STAGATE"
"478","sim54",5,0.797380927951751,"scSpace"
"479","sim54",5,0.529020492138958,"louvain"
"480","sim54",5,0.536737658959518,"kmeans"
"481","sim54",5,-0.00172268544731321,"hclust"
"482","sim54",5,0.0218451503374584,"scCoGAPS"
"483","sim54",5,0.0929993329163383,"DR.SC"
"484","sim54",5,0.349816640185908,"BayesSpace"
"485","sim54",5,0.0620481676278772,"SpaGCN"
"486","sim54",5,0.191641629154096,"STAGATE"
"487","sim55",5,0.561598652851467,"scSpace"
"488","sim55",5,0.095652009459497,"louvain"
"489","sim55",5,0.0270121299227171,"kmeans"
"490","sim55",5,0.00942862660674801,"hclust"
"491","sim55",5,0.000849538297959858,"scCoGAPS"
"492","sim55",5,0.109480957294228,"DR.SC"
"493","sim55",5,0.0389355750075844,"BayesSpace"
"494","sim55",5,0.0169118032424426,"SpaGCN"
"495","sim55",5,0.229945949255487,"STAGATE"
"496","sim56",5,0.675982899851617,"scSpace"
"497","sim56",5,0.263325247351657,"louvain"
"498","sim56",5,0.347511100066691,"kmeans"
"499","sim56",5,-0.00119319011343854,"hclust"
"500","sim56",5,-0.0036228783381294,"scCoGAPS"
"501","sim56",5,0.267045734519632,"DR.SC"
"502","sim56",5,0.132325029735665,"BayesSpace"
"503","sim56",5,0.017638920250939,"SpaGCN"
"504","sim56",5,0.188992565529817,"STAGATE"
"505","sim57",5,0.863981059300953,"scSpace"
"506","sim57",5,0.692728613776058,"louvain"
"507","sim57",5,0.616524467638065,"kmeans"
"508","sim57",5,0.00596529275695663,"hclust"
"509","sim57",5,0.402618409388808,"scCoGAPS"
"510","sim57",5,0.141988809631914,"DR.SC"
"511","sim57",5,0.57015271323798,"BayesSpace"
"512","sim57",5,0.408149248725067,"SpaGCN"
"513","sim57",5,0.642120065200982,"STAGATE"
"514","sim58",5,0.724471388149834,"scSpace"
"515","sim58",5,0.612669772427906,"louvain"
"516","sim58",5,0.572405245625873,"kmeans"
"517","sim58",5,0.00296731020053117,"hclust"
"518","sim58",5,-0.000522263441805405,"scCoGAPS"
"519","sim58",5,0.38928217028878,"DR.SC"
"520","sim58",5,0.563035173725015,"BayesSpace"
"521","sim58",5,0.207261337738886,"SpaGCN"
"522","sim58",5,0.510362116993656,"STAGATE"
"523","sim59",5,0.668945033163125,"scSpace"
"524","sim59",5,0.492134025645489,"louvain"
"525","sim59",5,0.613758127011099,"kmeans"
"526","sim59",5,0.00048600991068902,"hclust"
"527","sim59",5,-0.00139259628970843,"scCoGAPS"
"528","sim59",5,0.413588344407292,"DR.SC"
"529","sim59",5,0.478899212711564,"BayesSpace"
"530","sim59",5,0.356820688384395,"SpaGCN"
"531","sim59",5,0.636773926471595,"STAGATE"
"532","sim60",5,0.790411612014865,"scSpace"
"533","sim60",5,0.502747708232175,"louvain"
"534","sim60",5,0.612276294719792,"kmeans"
"535","sim60",5,-0.000764905183318697,"hclust"
"536","sim60",5,0.03064830942418,"scCoGAPS"
"537","sim60",5,0.20030321280264,"DR.SC"
"538","sim60",5,0.290321836772332,"BayesSpace"
"539","sim60",5,0.0556231194696661,"SpaGCN"
"540","sim60",5,0.53831815572879,"STAGATE"
"541","sim61",5,0.949126468077605,"scSpace"
"542","sim61",5,0.733815842413186,"louvain"
"543","sim61",5,0.746912005648884,"kmeans"
"544","sim61",5,0.00186073739216816,"hclust"
"545","sim61",5,0.417139764251678,"scCoGAPS"
"546","sim61",5,0.283074822335818,"DR.SC"
"547","sim61",5,0.443389658674839,"BayesSpace"
"548","sim61",5,0.134620755815918,"SpaGCN"
"549","sim61",5,0.706893024184841,"STAGATE"
"550","sim62",5,0.607026579246067,"scSpace"
"551","sim62",5,0.264931595492338,"louvain"
"552","sim62",5,0.285873257875643,"kmeans"
"553","sim62",5,0.00337586133899391,"hclust"
"554","sim62",5,-0.00249245562070281,"scCoGAPS"
"555","sim62",5,0.0258175014392688,"DR.SC"
"556","sim62",5,0.0900641446014339,"BayesSpace"
"557","sim62",5,0.0611953773631243,"SpaGCN"
"558","sim62",5,0.395914968559681,"STAGATE"
"559","sim63",5,0.69352303771828,"scSpace"
"560","sim63",5,0.442169942152461,"louvain"
"561","sim63",5,0.340949307984665,"kmeans"
"562","sim63",5,0.0018446457452127,"hclust"
"563","sim63",5,0.00216128319319258,"scCoGAPS"
"564","sim63",5,0.28715630263807,"DR.SC"
"565","sim63",5,0.112456825589328,"BayesSpace"
"566","sim63",5,0.0125339900531442,"SpaGCN"
"567","sim63",5,0.617752503560466,"STAGATE"
"568","sim64",5,0.661778959855119,"scSpace"
"569","sim64",5,0.558046472748146,"louvain"
"570","sim64",5,0.601864314449293,"kmeans"
"571","sim64",5,-0.00422044674290265,"hclust"
"572","sim64",5,0.256906864084583,"scCoGAPS"
"573","sim64",5,0.244074484289611,"DR.SC"
"574","sim64",5,0.326518086886449,"BayesSpace"
"575","sim64",5,0.0996906967523534,"SpaGCN"
"576","sim64",5,0.251676565267002,"STAGATE"
"577","sim65",5,0.853024440571631,"scSpace"
"578","sim65",5,0.65352493417181,"louvain"
"579","sim65",5,0.692840207034468,"kmeans"
"580","sim65",5,0.00098980724571026,"hclust"
"581","sim65",5,-0.00355540642564776,"scCoGAPS"
"582","sim65",5,0.004454933783787,"DR.SC"
"583","sim65",5,0.489314897043933,"BayesSpace"
"584","sim65",5,0.0876217407704755,"SpaGCN"
"585","sim65",5,0.70620647425869,"STAGATE"
"586","sim66",6,0.74018499250144,"scSpace"
"587","sim66",6,0.340503508599487,"louvain"
"588","sim66",6,0.260657686289727,"kmeans"
"589","sim66",6,-0.0025229753996321,"hclust"
"590","sim66",6,0.00740087939065882,"scCoGAPS"
"591","sim66",6,0.0967750110376436,"DR.SC"
"592","sim66",6,0.113650844796307,"BayesSpace"
"593","sim66",6,0.024001605003304,"SpaGCN"
"594","sim66",6,0.322018205691818,"STAGATE"
"595","sim67",6,0.492497264771437,"scSpace"
"596","sim67",6,0.0720757094200666,"louvain"
"597","sim67",6,0.0428007945819221,"kmeans"
"598","sim67",6,-0.000687284132854958,"hclust"
"599","sim67",6,0.00624030798377657,"scCoGAPS"
"600","sim67",6,0.0571302740839201,"DR.SC"
"601","sim67",6,0.0203174779311137,"BayesSpace"
"602","sim67",6,0.0144832613803194,"SpaGCN"
"603","sim67",6,0.292679603373099,"STAGATE"
"604","sim68",6,0.379700358316839,"scSpace"
"605","sim68",6,0.028648199659058,"louvain"
"606","sim68",6,0.0417431663851411,"kmeans"
"607","sim68",6,-0.00218029180037486,"hclust"
"608","sim68",6,-0.000521058540640173,"scCoGAPS"
"609","sim68",6,0.0532156437498191,"DR.SC"
"610","sim68",6,0.0260860010311078,"BayesSpace"
"611","sim68",6,0.0179075942876118,"SpaGCN"
"612","sim68",6,0.216826374470332,"STAGATE"
"613","sim69",6,0.609233595514284,"scSpace"
"614","sim69",6,0.253844723686871,"louvain"
"615","sim69",6,0.167355315704847,"kmeans"
"616","sim69",6,0.00170322785749234,"hclust"
"617","sim69",6,-0.00256349398067506,"scCoGAPS"
"618","sim69",6,0.14663162520853,"DR.SC"
"619","sim69",6,0.10912545995299,"BayesSpace"
"620","sim69",6,0.0765198582737966,"SpaGCN"
"621","sim69",6,0.178718767997696,"STAGATE"
"622","sim70",6,0.462039695809989,"scSpace"
"623","sim70",6,0.143801755862607,"louvain"
"624","sim70",6,0.146005568268288,"kmeans"
"625","sim70",6,0.00815918864336532,"hclust"
"626","sim70",6,-0.00427256618854535,"scCoGAPS"
"627","sim70",6,0.0532530016253244,"DR.SC"
"628","sim70",6,0.0370571961528668,"BayesSpace"
"629","sim70",6,0.0291167067624614,"SpaGCN"
"630","sim70",6,0.0486210512881978,"STAGATE"
"631","sim71",6,0.643593191353288,"scSpace"
"632","sim71",6,0.344251387994293,"louvain"
"633","sim71",6,0.252039909634575,"kmeans"
"634","sim71",6,-4.80068871313547e-05,"hclust"
"635","sim71",6,-0.00545858705569265,"scCoGAPS"
"636","sim71",6,0.0260804198523211,"DR.SC"
"637","sim71",6,0.00474049437631269,"BayesSpace"
"638","sim71",6,0.032063195371674,"SpaGCN"
"639","sim71",6,0.313564275457569,"STAGATE"
"640","sim72",6,0.741683503294944,"scSpace"
"641","sim72",6,0.656222878615488,"louvain"
"642","sim72",6,0.583763041676772,"kmeans"
"643","sim72",6,3.8376625454268e-05,"hclust"
"644","sim72",6,0.297819688706519,"scCoGAPS"
"645","sim72",6,0.0427001246660823,"DR.SC"
"646","sim72",6,0.522800297587138,"BayesSpace"
"647","sim72",6,0.245019430940492,"SpaGCN"
"648","sim72",6,0.51532334662362,"STAGATE"
"649","sim73",6,0.730990112063821,"scSpace"
"650","sim73",6,0.520612210414496,"louvain"
"651","sim73",6,0.524472114445374,"kmeans"
"652","sim73",6,0.000259874899785154,"hclust"
"653","sim73",6,0.00188247211120053,"scCoGAPS"
"654","sim73",6,0.0404233795237774,"DR.SC"
"655","sim73",6,0.515768939952545,"BayesSpace"
"656","sim73",6,0.277435889148467,"SpaGCN"
"657","sim73",6,0.591464432003613,"STAGATE"
"658","sim74",6,0.490790082222589,"scSpace"
"659","sim74",6,0.426870713704732,"louvain"
"660","sim74",6,0.471107301668585,"kmeans"
"661","sim74",6,0.00247719261217686,"hclust"
"662","sim74",6,0.278785362014613,"scCoGAPS"
"663","sim74",6,0.197009359726747,"DR.SC"
"664","sim74",6,0.327761028368797,"BayesSpace"
"665","sim74",6,0.253457443867917,"SpaGCN"
"666","sim74",6,0.294203768333166,"STAGATE"
"667","sim75",6,0.660417621413478,"scSpace"
"668","sim75",6,0.467587582764437,"louvain"
"669","sim75",6,0.45380188499804,"kmeans"
"670","sim75",6,0.000823645008139592,"hclust"
"671","sim75",6,0.00213846220759775,"scCoGAPS"
"672","sim75",6,0.218621895435635,"DR.SC"
"673","sim75",6,0.16670679740649,"BayesSpace"
"674","sim75",6,0.0435469883783859,"SpaGCN"
"675","sim75",6,0.394610280677391,"STAGATE"
"676","sim76",6,0.783168108777781,"scSpace"
"677","sim76",6,0.466309814465443,"louvain"
"678","sim76",6,0.568021857463317,"kmeans"
"679","sim76",6,0.0113139220091653,"hclust"
"680","sim76",6,0.00575478380101,"scCoGAPS"
"681","sim76",6,0.0460481612360172,"DR.SC"
"682","sim76",6,0.240243424782042,"BayesSpace"
"683","sim76",6,0.0684862166346409,"SpaGCN"
"684","sim76",6,0.543214246926094,"STAGATE"
"685","sim77",6,0.51317776948053,"scSpace"
"686","sim77",6,0.294794003375759,"louvain"
"687","sim77",6,0.26288213734911,"kmeans"
"688","sim77",6,-0.00719561436209452,"hclust"
"689","sim77",6,0.00493794872102686,"scCoGAPS"
"690","sim77",6,0.0521425806008542,"DR.SC"
"691","sim77",6,0.0577494201251926,"BayesSpace"
"692","sim77",6,0.0654777676129839,"SpaGCN"
"693","sim77",6,0.397557458778266,"STAGATE"
"694","sim78",6,0.585661675198897,"scSpace"
"695","sim78",6,0.237232837246466,"louvain"
"696","sim78",6,0.278848966366335,"kmeans"
"697","sim78",6,0.00285292362388793,"hclust"
"698","sim78",6,0.00165194661294621,"scCoGAPS"
"699","sim78",6,0.0113034195598319,"DR.SC"
"700","sim78",6,0.00733166199340996,"BayesSpace"
"701","sim78",6,0.00966332822195805,"SpaGCN"
"702","sim78",6,0.452344543589317,"STAGATE"
"703","sim79",6,0.680834862200988,"scSpace"
"704","sim79",6,0.672120257049196,"louvain"
"705","sim79",6,0.638813774604635,"kmeans"
"706","sim79",6,-0.00062515723618407,"hclust"
"707","sim79",6,0.299100304065276,"scCoGAPS"
"708","sim79",6,0.0200196958362971,"DR.SC"
"709","sim79",6,0.470155236686314,"BayesSpace"
"710","sim79",6,0.234471767343673,"SpaGCN"
"711","sim79",6,0.451306335681105,"STAGATE"
"712","sim80",6,0.780727515457195,"scSpace"
"713","sim80",6,0.490905151022401,"louvain"
"714","sim80",6,0.651901871555029,"kmeans"
"715","sim80",6,0.00561745704364844,"hclust"
"716","sim80",6,0.16960344418757,"scCoGAPS"
"717","sim80",6,0.030806684801704,"DR.SC"
"718","sim80",6,0.234229239930008,"BayesSpace"
"719","sim80",6,0.104539194940154,"SpaGCN"
"720","sim80",6,0.613928825238897,"STAGATE"
"721","sim81",7,0.58693744353342,"scSpace"
"722","sim81",7,0.201377746133225,"louvain"
"723","sim81",7,0.23478747501503,"kmeans"
"724","sim81",7,0.00164315315410985,"hclust"
"725","sim81",7,0.00568704829063831,"scCoGAPS"
"726","sim81",7,0.00997888146184552,"DR.SC"
"727","sim81",7,0.0656921576061832,"BayesSpace"
"728","sim81",7,0.00765593808354391,"SpaGCN"
"729","sim81",7,0.272348601670162,"STAGATE"
"730","sim82",7,0.29124844785394,"scSpace"
"731","sim82",7,0.081897775186411,"louvain"
"732","sim82",7,0.0271984565917039,"kmeans"
"733","sim82",7,0.00180154007739261,"hclust"
"734","sim82",7,0.00487702271220475,"scCoGAPS"
"735","sim82",7,0.104788139567255,"DR.SC"
"736","sim82",7,0.0337924378717378,"BayesSpace"
"737","sim82",7,0.0146708646603262,"SpaGCN"
"738","sim82",7,0.170879690396619,"STAGATE"
"739","sim83",7,0.195154423204623,"scSpace"
"740","sim83",7,0.0187056275650881,"louvain"
"741","sim83",7,0.0219712547747831,"kmeans"
"742","sim83",7,0.00103658301079189,"hclust"
"743","sim83",7,0.000585849894646915,"scCoGAPS"
"744","sim83",7,0.0294264741621145,"DR.SC"
"745","sim83",7,0.00526592680489757,"BayesSpace"
"746","sim83",7,0.00148324632534869,"SpaGCN"
"747","sim83",7,0.106064001645633,"STAGATE"
"748","sim84",7,0.703531539994671,"scSpace"
"749","sim84",7,0.365182038271171,"louvain"
"750","sim84",7,0.266021361434792,"kmeans"
"751","sim84",7,0.00948568914525744,"hclust"
"752","sim84",7,0.010684925986023,"scCoGAPS"
"753","sim84",7,0.269007985238206,"DR.SC"
"754","sim84",7,0.0722668856281837,"BayesSpace"
"755","sim84",7,0.0395031955577611,"SpaGCN"
"756","sim84",7,0.0671161778225206,"STAGATE"
"757","sim85",7,0.447434835471343,"scSpace"
"758","sim85",7,0.14127408567617,"louvain"
"759","sim85",7,0.0994742341056471,"kmeans"
"760","sim85",7,-0.00051385284179134,"hclust"
"761","sim85",7,0.028596129188078,"scCoGAPS"
"762","sim85",7,0.0161297526310299,"DR.SC"
"763","sim85",7,0.0259123871447706,"BayesSpace"
"764","sim85",7,0.0270370667402164,"SpaGCN"
"765","sim85",7,0.0293559529471257,"STAGATE"
"766","sim86",7,0.318608944819078,"scSpace"
"767","sim86",7,0.187908852451659,"louvain"
"768","sim86",7,0.158338159984766,"kmeans"
"769","sim86",7,0.00325643301156105,"hclust"
"770","sim86",7,0.010226401748849,"scCoGAPS"
"771","sim86",7,0.0233351728048069,"DR.SC"
"772","sim86",7,0.0750572020141396,"BayesSpace"
"773","sim86",7,0.0068277350436539,"SpaGCN"
"774","sim86",7,0.0332306502564282,"STAGATE"
"775","sim87",7,0.766221252736697,"scSpace"
"776","sim87",7,0.607894201545561,"louvain"
"777","sim87",7,0.646617998045765,"kmeans"
"778","sim87",7,0.00148984555003541,"hclust"
"779","sim87",7,0.294018346584748,"scCoGAPS"
"780","sim87",7,0.129126810954559,"DR.SC"
"781","sim87",7,0.540966521488141,"BayesSpace"
"782","sim87",7,0.308566900676066,"SpaGCN"
"783","sim87",7,0.54574460381903,"STAGATE"
"784","sim88",7,0.669939350873072,"scSpace"
"785","sim88",7,0.59123541325929,"louvain"
"786","sim88",7,0.46284106788104,"kmeans"
"787","sim88",7,0.00206831583033836,"hclust"
"788","sim88",7,0.000147766871034263,"scCoGAPS"
"789","sim88",7,-0.000454763671187919,"DR.SC"
"790","sim88",7,0.407438246766678,"BayesSpace"
"791","sim88",7,0.207585450084487,"SpaGCN"
"792","sim88",7,0.432906687025184,"STAGATE"
"793","sim89",7,0.51016424133338,"scSpace"
"794","sim89",7,0.349518926290062,"louvain"
"795","sim89",7,0.363720880379385,"kmeans"
"796","sim89",7,0.000708899850233984,"hclust"
"797","sim89",7,0.00237064928560408,"scCoGAPS"
"798","sim89",7,0.224535949305971,"DR.SC"
"799","sim89",7,0.276431019167714,"BayesSpace"
"800","sim89",7,0.13948992478025,"SpaGCN"
"801","sim89",7,0.305459532730533,"STAGATE"
"802","sim90",7,0.554201501624109,"scSpace"
"803","sim90",7,0.248781297732639,"louvain"
"804","sim90",7,0.181045260441063,"kmeans"
"805","sim90",7,0.000798868162626439,"hclust"
"806","sim90",7,0.00479272100789189,"scCoGAPS"
"807","sim90",7,0.0270872311645699,"DR.SC"
"808","sim90",7,0.01363035385124,"BayesSpace"
"809","sim90",7,0.0292776874245768,"SpaGCN"
"810","sim90",7,0.299047092050628,"STAGATE"
"811","sim91",7,0.754928904133093,"scSpace"
"812","sim91",7,0.556247745159326,"louvain"
"813","sim91",7,0.716305032329024,"kmeans"
"814","sim91",7,0.00171161843398538,"hclust"
"815","sim91",7,0.280303735653922,"scCoGAPS"
"816","sim91",7,0.0597602918397161,"DR.SC"
"817","sim91",7,0.261690960666508,"BayesSpace"
"818","sim91",7,0.0386636707444994,"SpaGCN"
"819","sim91",7,0.338645469737025,"STAGATE"
"820","sim92",7,0.497489698675927,"scSpace"
"821","sim92",7,0.24372335187969,"louvain"
"822","sim92",7,0.193209239383207,"kmeans"
"823","sim92",7,0.00532166371600818,"hclust"
"824","sim92",7,-0.0012184149119054,"scCoGAPS"
"825","sim92",7,0.0221911913978383,"DR.SC"
"826","sim92",7,0.0596495993424849,"BayesSpace"
"827","sim92",7,0.0239684384530058,"SpaGCN"
"828","sim92",7,0.128771187883055,"STAGATE"
"829","sim93",7,0.349254888551228,"scSpace"
"830","sim93",7,0.133209150130174,"louvain"
"831","sim93",7,0.124744870978048,"kmeans"
"832","sim93",7,2.57940062905236e-05,"hclust"
"833","sim93",7,-0.00153782945891193,"scCoGAPS"
"834","sim93",7,0.011396717185295,"DR.SC"
"835","sim93",7,0.00724483281137275,"BayesSpace"
"836","sim93",7,0.000585526547777565,"SpaGCN"
"837","sim93",7,0.192424577980562,"STAGATE"
"838","sim94",7,0.50972925409609,"scSpace"
"839","sim94",7,0.613320100822651,"louvain"
"840","sim94",7,0.517176352782858,"kmeans"
"841","sim94",7,0.00607103856152668,"hclust"
"842","sim94",7,0.0868097290216037,"scCoGAPS"
"843","sim94",7,0.0377398077102471,"DR.SC"
"844","sim94",7,0.372255962891868,"BayesSpace"
"845","sim94",7,0.0258710717997037,"SpaGCN"
"846","sim94",7,0.137273450022049,"STAGATE"
"847","sim95",7,0.515883472771026,"scSpace"
"848","sim95",7,0.405294703893245,"louvain"
"849","sim95",7,0.399028536783278,"kmeans"
"850","sim95",7,0.0483653169618373,"hclust"
"851","sim95",7,0.113216524826094,"scCoGAPS"
"852","sim95",7,0.192880434298692,"DR.SC"
"853","sim95",7,0.13091290072038,"BayesSpace"
"854","sim95",7,0.0164350502538277,"SpaGCN"
"855","sim95",7,0.250845173485622,"STAGATE"
"856","sim96",8,0.601788719182686,"scSpace"
"857","sim96",8,0.0803093982642419,"louvain"
"858","sim96",8,0.0601465601370798,"kmeans"
"859","sim96",8,0.00103180171214825,"hclust"
"860","sim96",8,0.00334443460926763,"scCoGAPS"
"861","sim96",8,0.0284530765325927,"DR.SC"
"862","sim96",8,0.0383066640644297,"BayesSpace"
"863","sim96",8,0.0148468744338008,"SpaGCN"
"864","sim96",8,0.332731116853358,"STAGATE"
"865","sim97",8,0.336666446139575,"scSpace"
"866","sim97",8,0.0218461892885861,"louvain"
"867","sim97",8,0.0361049261283609,"kmeans"
"868","sim97",8,0.000793429242344979,"hclust"
"869","sim97",8,0.00572499636357922,"scCoGAPS"
"870","sim97",8,0.0116963138187097,"DR.SC"
"871","sim97",8,0.0209720609908975,"BayesSpace"
"872","sim97",8,0.0118609134415812,"SpaGCN"
"873","sim97",8,0.252472291733348,"STAGATE"
"874","sim98",8,0.132687052978434,"scSpace"
"875","sim98",8,0.00849111213175584,"louvain"
"876","sim98",8,0.0136131862544495,"kmeans"
"877","sim98",8,0.00406180570131848,"hclust"
"878","sim98",8,0.0127716634145516,"scCoGAPS"
"879","sim98",8,0.0221894193755673,"DR.SC"
"880","sim98",8,0.00979326853879909,"BayesSpace"
"881","sim98",8,0.00735314240715185,"SpaGCN"
"882","sim98",8,0.0776799110836131,"STAGATE"
"883","sim99",8,0.399193102192582,"scSpace"
"884","sim99",8,0.210100581401522,"louvain"
"885","sim99",8,0.0435264519425085,"kmeans"
"886","sim99",8,0.00108399010437615,"hclust"
"887","sim99",8,0.00361501551339629,"scCoGAPS"
"888","sim99",8,0.162242414855773,"DR.SC"
"889","sim99",8,0.0601398066501802,"BayesSpace"
"890","sim99",8,0.0022113582545422,"SpaGCN"
"891","sim99",8,0.024558951140446,"STAGATE"
"892","sim100",8,0.355921409591572,"scSpace"
"893","sim100",8,0.0482353005278891,"louvain"
"894","sim100",8,0.0190318907939258,"kmeans"
"895","sim100",8,0.00631477139331515,"hclust"
"896","sim100",8,0.00212091934803533,"scCoGAPS"
"897","sim100",8,0.0202687013227652,"DR.SC"
"898","sim100",8,0.0155262274061612,"BayesSpace"
"899","sim100",8,0.0352867364790449,"SpaGCN"
"900","sim100",8,0.0481199934063121,"STAGATE"
"901","sim101",8,0.293826386919225,"scSpace"
"902","sim101",8,0.10433197180657,"louvain"
"903","sim101",8,0.0437118586541466,"kmeans"
"904","sim101",8,0.0115644400183522,"hclust"
"905","sim101",8,0.0328381443518356,"scCoGAPS"
"906","sim101",8,0.0478001195384506,"DR.SC"
"907","sim101",8,0.0147856042153009,"BayesSpace"
"908","sim101",8,0.00216807417012969,"SpaGCN"
"909","sim101",8,0.0164646832478028,"STAGATE"
"910","sim102",8,0.715925518839052,"scSpace"
"911","sim102",8,0.614266210372566,"louvain"
"912","sim102",8,0.570567355296282,"kmeans"
"913","sim102",8,-0.00170066286293179,"hclust"
"914","sim102",8,0.273928170361232,"scCoGAPS"
"915","sim102",8,0.0103892950352594,"DR.SC"
"916","sim102",8,0.398187473254992,"BayesSpace"
"917","sim102",8,0.105103053336715,"SpaGCN"
"918","sim102",8,0.532306820461141,"STAGATE"
"919","sim103",8,0.700034362865927,"scSpace"
"920","sim103",8,0.495096661833631,"louvain"
"921","sim103",8,0.612945849754001,"kmeans"
"922","sim103",8,0.00707258667060081,"hclust"
"923","sim103",8,0.0181819879871677,"scCoGAPS"
"924","sim103",8,0.0122679811074606,"DR.SC"
"925","sim103",8,0.426463488951692,"BayesSpace"
"926","sim103",8,0.112429246331405,"SpaGCN"
"927","sim103",8,0.257876649091576,"STAGATE"
"928","sim104",8,0.401584171680168,"scSpace"
"929","sim104",8,0.351172395750715,"louvain"
"930","sim104",8,0.255678753802709,"kmeans"
"931","sim104",8,0.0654160193990711,"hclust"
"932","sim104",8,0.185656270394027,"scCoGAPS"
"933","sim104",8,0.154886261253198,"DR.SC"
"934","sim104",8,0.229823790915174,"BayesSpace"
"935","sim104",8,0.14522477300583,"SpaGCN"
"936","sim104",8,0.310438947373204,"STAGATE"
"937","sim105",8,0.654988934425259,"scSpace"
"938","sim105",8,0.318710316681067,"louvain"
"939","sim105",8,0.369624659043174,"kmeans"
"940","sim105",8,0.000655864196443712,"hclust"
"941","sim105",8,0.0111694440632078,"scCoGAPS"
"942","sim105",8,0.0454652795844794,"DR.SC"
"943","sim105",8,0.0872267073840425,"BayesSpace"
"944","sim105",8,0.0156490876476134,"SpaGCN"
"945","sim105",8,0.259885765762558,"STAGATE"
"946","sim106",8,0.693270225153504,"scSpace"
"947","sim106",8,0.43475463292928,"louvain"
"948","sim106",8,0.645613356546446,"kmeans"
"949","sim106",8,0.0215020711761629,"hclust"
"950","sim106",8,0.0281287714609035,"scCoGAPS"
"951","sim106",8,0.0635686284980759,"DR.SC"
"952","sim106",8,0.1417326955742,"BayesSpace"
"953","sim106",8,0.0595130052399975,"SpaGCN"
"954","sim106",8,0.268254948538443,"STAGATE"
"955","sim107",8,0.350724167370608,"scSpace"
"956","sim107",8,0.154856242622908,"louvain"
"957","sim107",8,0.162449226942536,"kmeans"
"958","sim107",8,-0.0034913690078907,"hclust"
"959","sim107",8,0.00653160980517974,"scCoGAPS"
"960","sim107",8,0.00925367664894054,"DR.SC"
"961","sim107",8,0.018416604846865,"BayesSpace"
"962","sim107",8,0.00537138306536651,"SpaGCN"
"963","sim107",8,0.251936309642657,"STAGATE"
"964","sim108",8,0.395398665063686,"scSpace"
"965","sim108",8,0.152749158011689,"louvain"
"966","sim108",8,0.210633268453185,"kmeans"
"967","sim108",8,-0.0011401109644505,"hclust"
"968","sim108",8,-0.000789848144028519,"scCoGAPS"
"969","sim108",8,0.0160186180166619,"DR.SC"
"970","sim108",8,0.0243815949977619,"BayesSpace"
"971","sim108",8,0.0113284784697296,"SpaGCN"
"972","sim108",8,0.283892408756302,"STAGATE"
"973","sim109",8,0.712521114498853,"scSpace"
"974","sim109",8,0.525473333321944,"louvain"
"975","sim109",8,0.432206379700788,"kmeans"
"976","sim109",8,0.000927437235658743,"hclust"
"977","sim109",8,-0.000620631467842984,"scCoGAPS"
"978","sim109",8,0.157526730134495,"DR.SC"
"979","sim109",8,0.216644323131122,"BayesSpace"
"980","sim109",8,0.152736910843226,"SpaGCN"
"981","sim109",8,0.514667933986048,"STAGATE"
"982","sim110",8,0.458981429292533,"scSpace"
"983","sim110",8,0.332895181635034,"louvain"
"984","sim110",8,0.369810771106732,"kmeans"
"985","sim110",8,0.0029485346811115,"hclust"
"986","sim110",8,0.0063907339134649,"scCoGAPS"
"987","sim110",8,0.0784980020730982,"DR.SC"
"988","sim110",8,0.06322968314997,"BayesSpace"
"989","sim110",8,0.00677063484003239,"SpaGCN"
"990","sim110",8,0.274208401283367,"STAGATE"
"991","sim111",9,0.356767975824268,"scSpace"
"992","sim111",9,0.0575850983218216,"louvain"
"993","sim111",9,0.0275672238256748,"kmeans"
"994","sim111",9,0.00289118112860665,"hclust"
"995","sim111",9,0.00644525051100185,"scCoGAPS"
"996","sim111",9,0.0137482053287216,"DR.SC"
"997","sim111",9,0.0125676735136653,"BayesSpace"
"998","sim111",9,0.00509277342894119,"SpaGCN"
"999","sim111",9,0.166434631332933,"STAGATE"
"1000","sim112",9,0.470037188899648,"scSpace"
"1001","sim112",9,0.0564522104404002,"louvain"
"1002","sim112",9,0.0872061053587135,"kmeans"
"1003","sim112",9,-0.000318638726872206,"hclust"
"1004","sim112",9,0.019433477963028,"scCoGAPS"
"1005","sim112",9,0.0443190104990556,"DR.SC"
"1006","sim112",9,0.027715430964887,"BayesSpace"
"1007","sim112",9,0.0103594275800262,"SpaGCN"
"1008","sim112",9,0.247737147357298,"STAGATE"
"1009","sim113",9,0.176028943826273,"scSpace"
"1010","sim113",9,0.0524948264097034,"louvain"
"1011","sim113",9,0.0281173307701269,"kmeans"
"1012","sim113",9,0.00147947237579566,"hclust"
"1013","sim113",9,0.000663537511330955,"scCoGAPS"
"1014","sim113",9,0.0525863275942375,"DR.SC"
"1015","sim113",9,0.0208490622362872,"BayesSpace"
"1016","sim113",9,0.00399767869488584,"SpaGCN"
"1017","sim113",9,0.0663208448575217,"STAGATE"
"1018","sim114",9,0.431307653180589,"scSpace"
"1019","sim114",9,0.137032035440959,"louvain"
"1020","sim114",9,0.186699773604755,"kmeans"
"1021","sim114",9,0.00092833530324952,"hclust"
"1022","sim114",9,0.00590868541795299,"scCoGAPS"
"1023","sim114",9,0.156208371192966,"DR.SC"
"1024","sim114",9,0.0357530898938085,"BayesSpace"
"1025","sim114",9,0.0148368086509025,"SpaGCN"
"1026","sim114",9,0.0565766530722194,"STAGATE"
"1027","sim115",9,0.348671063675476,"scSpace"
"1028","sim115",9,0.062628750219134,"louvain"
"1029","sim115",9,0.0645967613622477,"kmeans"
"1030","sim115",9,0.00366919700750485,"hclust"
"1031","sim115",9,0.00601941222116079,"scCoGAPS"
"1032","sim115",9,0.00793539881051338,"DR.SC"
"1033","sim115",9,0.0105522652656739,"BayesSpace"
"1034","sim115",9,0.0118007672485675,"SpaGCN"
"1035","sim115",9,0.0499234951326401,"STAGATE"
"1036","sim116",9,0.216962152238937,"scSpace"
"1037","sim116",9,0.111824487582129,"louvain"
"1038","sim116",9,0.150223595883844,"kmeans"
"1039","sim116",9,0.00660567818108781,"hclust"
"1040","sim116",9,0.0126185785213714,"scCoGAPS"
"1041","sim116",9,0.00336407861122602,"DR.SC"
"1042","sim116",9,0.00526013051035196,"BayesSpace"
"1043","sim116",9,-0.00316908920101001,"SpaGCN"
"1044","sim116",9,0.0478192452359483,"STAGATE"
"1045","sim117",9,0.694363220790234,"scSpace"
"1046","sim117",9,0.517664934374701,"louvain"
"1047","sim117",9,0.50223156447035,"kmeans"
"1048","sim117",9,0.00665376139959943,"hclust"
"1049","sim117",9,0.217171406756342,"scCoGAPS"
"1050","sim117",9,0.0660076759255207,"DR.SC"
"1051","sim117",9,0.343922234639737,"BayesSpace"
"1052","sim117",9,0.104974442324179,"SpaGCN"
"1053","sim117",9,0.39874004697113,"STAGATE"
"1054","sim118",9,0.545378452556849,"scSpace"
"1055","sim118",9,0.371894622432874,"louvain"
"1056","sim118",9,0.435210949133322,"kmeans"
"1057","sim118",9,0.00170506717131344,"hclust"
"1058","sim118",9,0.014541178824934,"scCoGAPS"
"1059","sim118",9,0.0169952179246421,"DR.SC"
"1060","sim118",9,0.223163998446713,"BayesSpace"
"1061","sim118",9,0.0158865898067853,"SpaGCN"
"1062","sim118",9,0.2074240537437,"STAGATE"
"1063","sim119",9,0.336608293048684,"scSpace"
"1064","sim119",9,0.281294150237442,"louvain"
"1065","sim119",9,0.324925776831249,"kmeans"
"1066","sim119",9,0.0426953042605179,"hclust"
"1067","sim119",9,-0.000538188574585236,"scCoGAPS"
"1068","sim119",9,0.0610895897232456,"DR.SC"
"1069","sim119",9,0.216824825278467,"BayesSpace"
"1070","sim119",9,0.0586817644828323,"SpaGCN"
"1071","sim119",9,0.0951300154159226,"STAGATE"
"1072","sim120",9,0.432314530746622,"scSpace"
"1073","sim120",9,0.235113594168782,"louvain"
"1074","sim120",9,0.0922150749117628,"kmeans"
"1075","sim120",9,0.00720728532067098,"hclust"
"1076","sim120",9,0.0109487666935132,"scCoGAPS"
"1077","sim120",9,0.0158124683772357,"DR.SC"
"1078","sim120",9,0.0306922994439821,"BayesSpace"
"1079","sim120",9,0.0102823486399143,"SpaGCN"
"1080","sim120",9,0.178517659880391,"STAGATE"
"1081","sim121",9,0.495108164397229,"scSpace"
"1082","sim121",9,0.392449427150991,"louvain"
"1083","sim121",9,0.3910971820219,"kmeans"
"1084","sim121",9,0.000264718963617401,"hclust"
"1085","sim121",9,0.0569832030863492,"scCoGAPS"
"1086","sim121",9,0.0611193513184444,"DR.SC"
"1087","sim121",9,0.0515867110377144,"BayesSpace"
"1088","sim121",9,0.019456080055044,"SpaGCN"
"1089","sim121",9,0.181542599870997,"STAGATE"
"1090","sim122",9,0.287015609302942,"scSpace"
"1091","sim122",9,0.132929284053157,"louvain"
"1092","sim122",9,0.145160695912624,"kmeans"
"1093","sim122",9,-0.0014835611289491,"hclust"
"1094","sim122",9,0.008565174768713,"scCoGAPS"
"1095","sim122",9,0.00644128553225431,"DR.SC"
"1096","sim122",9,0.00791481860606753,"BayesSpace"
"1097","sim122",9,0.00884886992712048,"SpaGCN"
"1098","sim122",9,0.0802500659397395,"STAGATE"
"1099","sim123",9,0.364136267694364,"scSpace"
"1100","sim123",9,0.165751175692198,"louvain"
"1101","sim123",9,0.196175828799309,"kmeans"
"1102","sim123",9,0.0111092646268105,"hclust"
"1103","sim123",9,-0.000761648107489749,"scCoGAPS"
"1104","sim123",9,0.0596349597918756,"DR.SC"
"1105","sim123",9,0.0364394816413639,"BayesSpace"
"1106","sim123",9,0.0062806925875566,"SpaGCN"
"1107","sim123",9,0.184295208229117,"STAGATE"
"1108","sim124",9,0.576318764457462,"scSpace"
"1109","sim124",9,0.491303331339236,"louvain"
"1110","sim124",9,0.48096598039472,"kmeans"
"1111","sim124",9,0.00111167435694791,"hclust"
"1112","sim124",9,0.0508807964594888,"scCoGAPS"
"1113","sim124",9,0.0909735749635642,"DR.SC"
"1114","sim124",9,0.166893078909767,"BayesSpace"
"1115","sim124",9,0.0178493501052668,"SpaGCN"
"1116","sim124",9,0.206373405059204,"STAGATE"
"1117","sim125",9,0.314814208787258,"scSpace"
"1118","sim125",9,0.226824895320133,"louvain"
"1119","sim125",9,0.217217761044697,"kmeans"
"1120","sim125",9,0.000873311000053918,"hclust"
"1121","sim125",9,0.0205859370136863,"scCoGAPS"
"1122","sim125",9,0.0171328990262943,"DR.SC"
"1123","sim125",9,0.0152985792402291,"BayesSpace"
"1124","sim125",9,0.0191401439547651,"SpaGCN"
"1125","sim125",9,0.163101822491025,"STAGATE"
"1126","sim126",10,0.526546255942825,"scSpace"
"1127","sim126",10,0.222444430266418,"louvain"
"1128","sim126",10,0.162984317550915,"kmeans"
"1129","sim126",10,0.00133994447039485,"hclust"
"1130","sim126",10,0.0155129973950049,"scCoGAPS"
"1131","sim126",10,0.0392374626541068,"DR.SC"
"1132","sim126",10,0.0175159395376735,"BayesSpace"
"1133","sim126",10,0.0123388135643798,"SpaGCN"
"1134","sim126",10,0.215251969123773,"STAGATE"
"1135","sim127",10,0.107446092657079,"scSpace"
"1136","sim127",10,0.078260610228815,"louvain"
"1137","sim127",10,0.0328130892507239,"kmeans"
"1138","sim127",10,0.0033446918739647,"hclust"
"1139","sim127",10,0.00626387390273791,"scCoGAPS"
"1140","sim127",10,0.00936670792225293,"DR.SC"
"1141","sim127",10,0.00014151798238268,"BayesSpace"
"1142","sim127",10,0.00835181380007698,"SpaGCN"
"1143","sim127",10,0.0532090317102971,"STAGATE"
"1144","sim128",10,0.0999548230062643,"scSpace"
"1145","sim128",10,0.0211511502512285,"louvain"
"1146","sim128",10,0.0254473148407663,"kmeans"
"1147","sim128",10,0.00120914200902666,"hclust"
"1148","sim128",10,-0.00148298359129085,"scCoGAPS"
"1149","sim128",10,0.0044496031624548,"DR.SC"
"1150","sim128",10,0.011516424272914,"BayesSpace"
"1151","sim128",10,0.00466699268388173,"SpaGCN"
"1152","sim128",10,0.0474370321884499,"STAGATE"
"1153","sim129",10,0.473000744376546,"scSpace"
"1154","sim129",10,0.176780335020063,"louvain"
"1155","sim129",10,0.105088071160971,"kmeans"
"1156","sim129",10,0.00696373784700517,"hclust"
"1157","sim129",10,0.0204510981797376,"scCoGAPS"
"1158","sim129",10,0.0613121077545139,"DR.SC"
"1159","sim129",10,0.0225638243833439,"BayesSpace"
"1160","sim129",10,0.011515169763392,"SpaGCN"
"1161","sim129",10,0.0551815379286201,"STAGATE"
"1162","sim130",10,0.28439670899911,"scSpace"
"1163","sim130",10,0.0577847531968046,"louvain"
"1164","sim130",10,0.0482267533389045,"kmeans"
"1165","sim130",10,0.00751560373386489,"hclust"
"1166","sim130",10,0.00354928610823115,"scCoGAPS"
"1167","sim130",10,0.0122968599978664,"DR.SC"
"1168","sim130",10,0.0167930696016424,"BayesSpace"
"1169","sim130",10,0.00412774086653621,"SpaGCN"
"1170","sim130",10,0.105921597902744,"STAGATE"
"1171","sim131",10,0.230213529581005,"scSpace"
"1172","sim131",10,0.0888688080193729,"louvain"
"1173","sim131",10,0.0581307754860631,"kmeans"
"1174","sim131",10,0.00329833324635049,"hclust"
"1175","sim131",10,0.0189285915516549,"scCoGAPS"
"1176","sim131",10,0.0137510458293024,"DR.SC"
"1177","sim131",10,0.0170192143520284,"BayesSpace"
"1178","sim131",10,0.00806715228892591,"SpaGCN"
"1179","sim131",10,0.0120179726696541,"STAGATE"
"1180","sim132",10,0.662225121255461,"scSpace"
"1181","sim132",10,0.541385338592085,"louvain"
"1182","sim132",10,0.474402070331913,"kmeans"
"1183","sim132",10,-0.000560665177165214,"hclust"
"1184","sim132",10,0.19216371452768,"scCoGAPS"
"1185","sim132",10,0.0603797253815236,"DR.SC"
"1186","sim132",10,0.295968671531978,"BayesSpace"
"1187","sim132",10,0.00909562263073306,"SpaGCN"
"1188","sim132",10,0.380536888753455,"STAGATE"
"1189","sim133",10,0.40618798479771,"scSpace"
"1190","sim133",10,0.264558664332928,"louvain"
"1191","sim133",10,0.25569466693532,"kmeans"
"1192","sim133",10,-0.000322691063450007,"hclust"
"1193","sim133",10,0.00766920322125226,"scCoGAPS"
"1194","sim133",10,0.0302665931825586,"DR.SC"
"1195","sim133",10,0.171231714743591,"BayesSpace"
"1196","sim133",10,0.00689068076163197,"SpaGCN"
"1197","sim133",10,0.10440121681837,"STAGATE"
"1198","sim134",10,0.352014635368293,"scSpace"
"1199","sim134",10,0.256441705536078,"louvain"
"1200","sim134",10,0.232608312742007,"kmeans"
"1201","sim134",10,0.0191530314492309,"hclust"
"1202","sim134",10,0.0435453490596732,"scCoGAPS"
"1203","sim134",10,0.0940288983105022,"DR.SC"
"1204","sim134",10,0.11664074472229,"BayesSpace"
"1205","sim134",10,0.015806666278154,"SpaGCN"
"1206","sim134",10,0.142927258160649,"STAGATE"
"1207","sim135",10,0.289910798360651,"scSpace"
"1208","sim135",10,0.124148432732188,"louvain"
"1209","sim135",10,0.129695302944697,"kmeans"
"1210","sim135",10,0.00253269952968382,"hclust"
"1211","sim135",10,0.00818786080935544,"scCoGAPS"
"1212","sim135",10,0.0169421841115502,"DR.SC"
"1213","sim135",10,0.0145815430425414,"BayesSpace"
"1214","sim135",10,0.000675159959971682,"SpaGCN"
"1215","sim135",10,0.106790680947728,"STAGATE"
"1216","sim136",10,0.478929129275566,"scSpace"
"1217","sim136",10,0.454148285750341,"louvain"
"1218","sim136",10,0.419156687579401,"kmeans"
"1219","sim136",10,0.00733630433254888,"hclust"
"1220","sim136",10,0.0344561508501647,"scCoGAPS"
"1221","sim136",10,0.0345243042833607,"DR.SC"
"1222","sim136",10,0.0861348443990723,"BayesSpace"
"1223","sim136",10,0.0116521065048064,"SpaGCN"
"1224","sim136",10,0.139887114359532,"STAGATE"
"1225","sim137",10,0.366087097269011,"scSpace"
"1226","sim137",10,0.155643399330768,"louvain"
"1227","sim137",10,0.21729658029446,"kmeans"
"1228","sim137",10,0.000397959003939321,"hclust"
"1229","sim137",10,0.00250735860590251,"scCoGAPS"
"1230","sim137",10,0.0191304094495021,"DR.SC"
"1231","sim137",10,0.0190306515218126,"BayesSpace"
"1232","sim137",10,0.00226676904745822,"SpaGCN"
"1233","sim137",10,0.138321826523697,"STAGATE"
"1234","sim138",10,0.12824830883285,"scSpace"
"1235","sim138",10,0.118086996960208,"louvain"
"1236","sim138",10,0.122099326499905,"kmeans"
"1237","sim138",10,-0.00115661069468001,"hclust"
"1238","sim138",10,0.00148202413930585,"scCoGAPS"
"1239","sim138",10,0.0296377801095241,"DR.SC"
"1240","sim138",10,0.00966235602547086,"BayesSpace"
"1241","sim138",10,0.00574966429423593,"SpaGCN"
"1242","sim138",10,0.05432731958438,"STAGATE"
"1243","sim139",10,0.626314990433511,"scSpace"
"1244","sim139",10,0.487139571591077,"louvain"
"1245","sim139",10,0.393852842598807,"kmeans"
"1246","sim139",10,0.00018459512077251,"hclust"
"1247","sim139",10,0.111966613356575,"scCoGAPS"
"1248","sim139",10,0.112541021204786,"DR.SC"
"1249","sim139",10,0.159920413870429,"BayesSpace"
"1250","sim139",10,0.0123346658452964,"SpaGCN"
"1251","sim139",10,0.264713153120278,"STAGATE"
"1252","sim140",10,0.223626864290133,"scSpace"
"1253","sim140",10,0.185716503870795,"louvain"
"1254","sim140",10,0.161152757309975,"kmeans"
"1255","sim140",10,0.0172282706648041,"hclust"
"1256","sim140",10,0.00658157635655378,"scCoGAPS"
"1257","sim140",10,0.0120866723796905,"DR.SC"
"1258","sim140",10,0.0174611262434526,"BayesSpace"
"1259","sim140",10,0.0120379597673088,"SpaGCN"
"1260","sim140",10,0.0657861328266867,"STAGATE"
